Type (A),Program (B),Department (C),Vendor (D),Equipment (E),Task Name (F),Start (G),Finish (H),Duration (I),Period (J),Work (K),Group (L),Group Counter (M),Maint Item (N),Component Due Date (O),Strategy (P),Function Location (Q),Annual Estimate,Meas/TotCtrRdg,Counter reading,Unnamed: 20,_source_sheet,_reject_reason
,,,,,CB MM MAJOR COMPONENT REPLACEMENT SCHEDULE,,,,,,,,,,,,,,,,CB MM LTP,missing join key (Function Location (Q))
,MCORS,,Various,,MCORS,,,,,,,,,,,,,,,,CB MM LTP,missing join key (Function Location (Q))
,MCORS,,,,FY27 - MCORS,2026-07-01,2027-06-30,364 days,FY27,,,,,,,,,,,,CB MM LTP,missing join key (Function Location (Q))
,MCORS,Haul,Various,,HAUL,2026-07-01,2027-06-30,364 days,FY27,,,,,,,,,,,,CB MM LTP,missing join key (Function Location (Q))
785D,MCORS,Haul,Mader,WC012,WC012 - MCORS,2026-07-21,2026-09-03,44 days,FY27,,,,,,,,,,,,CB MM LTP,missing join key (Function Location (Q))
785D,MCORS,Haul,Mader,WC012,Decommissioning,2026-07-21,2026-07-23,2 days,FY27,,,,,,,,,,,,CB MM LTP,missing join key (Function Location (Q))
785D,MCORS,Haul,Mader,WC012,Load & Transport,2026-07-24,2026-07-27,3 days,FY27,,,,,,,,,,,,CB MM LTP,missing join key (Function Location (Q))
785D,MCORS,Haul,Mader,WC012,WC012 - Baseline Scope,2026-07-28,2026-08-24,27 days,FY27,,,,,,,,,,,,CB MM LTP,missing join key (Function Location (Q))
785D,MCORS,Haul,Mader,WC012,Repurposed: SVA Harness Replacement,2026-07-28,2026-08-24,27 days,FY27,,,,,,,,,,,,CB MM LTP,missing join key (Function Location (Q))
785D,MCORS,Haul,Mader,WC012,Cat 789 Access Ladder/ Platform/ Walkways Replacement,2026-07-28,2026-08-24,27 days,FY27,,,,,,,,,,,,CB MM LTP,missing join key (Function Location (Q))
785D,MCORS,Haul,Mader,WC012,Corroded Tubes and Pipes,2026-07-28,2026-08-24,27 days,FY27,,,,,,,,,,,,CB MM LTP,missing join key (Function Location (Q))
785D,MCORS,Haul,Mader,WC012,Repurposed: Access Ladders & Platforms,2026-07-28,2026-08-24,27 days,FY27,,,,,,,,,,,,CB MM LTP,missing join key (Function Location (Q))
785D,MCORS,Haul,Mader,WC012,789D Exhaust System and Lagging,2026-07-28,2026-08-24,27 days,FY27,,,,,,,,,,,,CB MM LTP,missing join key (Function Location (Q))
785D,MCORS,Haul,Mader,WC012,CAT 789 Intake Piping,2026-07-28,2026-08-24,27 days,FY27,,,,,,,,,,,,CB MM LTP,missing join key (Function Location (Q))
785D,MCORS,Haul,Mader,WC012,MCORS Transport,2026-07-28,2026-08-24,27 days,FY27,,,,,,,,,,,,CB MM LTP,missing join key (Function Location (Q))
785D,MCORS,Haul,Mader,WC012,Opex Variation,2026-07-28,2026-08-24,27 days,FY27,,,,,,,,,,,,CB MM LTP,missing join key (Function Location (Q))
785D,MCORS,Haul,Mader,WC012,Capex Variation,2026-07-28,2026-08-24,27 days,FY27,,,,,,,,,,,,CB MM LTP,missing join key (Function Location (Q))
785D,MCORS,Haul,Mader,WC012,Additional Baseline Opex Truck Fleet,2026-07-28,2026-08-24,27 days,FY27,,,,,,,,,,,,CB MM LTP,missing join key (Function Location (Q))
785D,MCORS,Haul,Mader,WC012,Additional Baseline Capex Truck Fleet,2026-07-28,2026-08-24,27 days,FY27,,,,,,,,,,,,CB MM LTP,missing join key (Function Location (Q))
785D,MCORS,Haul,Mader,WC012,Minor Hosing Opex,2026-07-28,2026-08-24,27 days,FY27,,,,,,,,,,,,CB MM LTP,missing join key (Function Location (Q))
785D,MCORS,Haul,Mader,WC012,Baseline Harness (Not on strategy) Capex,2026-07-28,2026-08-24,27 days,FY27,,,,,,,,,,,,CB MM LTP,missing join key (Function Location (Q))
785D,MCORS,Haul,Mader,WC012,Variation Opex - Corrosions/Repairs,2026-07-28,2026-08-24,27 days,FY27,,,,,,,,,,,,CB MM LTP,missing join key (Function Location (Q))
785D,MCORS,Haul,Mader,WC012,Capex Variation - Cab Overhaul (if applicable),2026-07-28,2026-08-24,27 days,FY27,,,,,,,,,,,,CB MM LTP,missing join key (Function Location (Q))
785D,MCORS,Haul,Mader,WC012,MCORS Site Labour Recovery - 785D,2026-07-28,2026-08-24,27 days,FY27,,,,,,,,,,,,CB MM LTP,missing join key (Function Location (Q))
785D,MCORS,Haul,Mader,WC012,MCORS Watercart Module Refurbishment Midlife CAPEX,2026-07-28,2026-08-24,27 days,FY27,,,,,,,,,,,,CB MM LTP,missing join key (Function Location (Q))
785D,MCORS,Haul,Mader,WC012,Transport & Unload,2026-08-25,2026-08-28,3 days,FY27,,,,,,,,,,,,CB MM LTP,missing join key (Function Location (Q))
785D,MCORS,Haul,Mader,WC012,Recommissioning,2026-08-29,2026-09-03,5 days,FY27,,,,,,,,,,,,CB MM LTP,missing join key (Function Location (Q))
785D,MCORS,Haul,Mader,WC013,WC013 - MCORS,2026-09-13,2026-10-27,44 days,FY27,,,,,,,,,,,,CB MM LTP,missing join key (Function Location (Q))
785D,MCORS,Haul,Mader,WC013,Decommissioning,2026-09-13,2026-09-15,2 days,FY27,,,,,,,,,,,,CB MM LTP,missing join key (Function Location (Q))
785D,MCORS,Haul,Mader,WC013,Load & Transport,2026-09-16,2026-09-19,3 days,FY27,,,,,,,,,,,,CB MM LTP,missing join key (Function Location (Q))
785D,MCORS,Haul,Mader,WC013,WC013 - Baseline Scope,2026-09-20,2026-10-17,27 days,FY27,,,,,,,,,,,,CB MM LTP,missing join key (Function Location (Q))
785D,MCORS,Haul,Mader,WC013,MCORS Transport,2026-09-20,2026-10-17,27 days,FY27,,,,,,,,,,,,CB MM LTP,missing join key (Function Location (Q))
785D,MCORS,Haul,Mader,WC013,Opex Variation,2026-09-20,2026-10-17,27 days,FY27,,,,,,,,,,,,CB MM LTP,missing join key (Function Location (Q))
785D,MCORS,Haul,Mader,WC013,Capex Variation,2026-09-20,2026-10-17,27 days,FY27,,,,,,,,,,,,CB MM LTP,missing join key (Function Location (Q))
785D,MCORS,Haul,Mader,WC013,Additional Baseline Opex Truck Fleet,2026-09-20,2026-10-17,27 days,FY27,,,,,,,,,,,,CB MM LTP,missing join key (Function Location (Q))
785D,MCORS,Haul,Mader,WC013,Additional Baseline Capex Truck Fleet,2026-09-20,2026-10-17,27 days,FY27,,,,,,,,,,,,CB MM LTP,missing join key (Function Location (Q))
785D,MCORS,Haul,Mader,WC013,Minor Hosing Opex,2026-09-20,2026-10-17,27 days,FY27,,,,,,,,,,,,CB MM LTP,missing join key (Function Location (Q))
785D,MCORS,Haul,Mader,WC013,Baseline Harness (Not on strategy) Capex,2026-09-20,2026-10-17,27 days,FY27,,,,,,,,,,,,CB MM LTP,missing join key (Function Location (Q))
785D,MCORS,Haul,Mader,WC013,Variation Opex - Corrosions/Repairs,2026-09-20,2026-10-17,27 days,FY27,,,,,,,,,,,,CB MM LTP,missing join key (Function Location (Q))
785D,MCORS,Haul,Mader,WC013,Capex Variation - Cab Overhaul (if applicable),2026-09-20,2026-10-17,27 days,FY27,,,,,,,,,,,,CB MM LTP,missing join key (Function Location (Q))
785D,MCORS,Haul,Mader,WC013,MCORS Site Labour Recovery - 785D,2026-09-20,2026-10-17,27 days,FY27,,,,,,,,,,,,CB MM LTP,missing join key (Function Location (Q))
785D,MCORS,Haul,Mader,WC013,MCORS Watercart Module Refurbishment Midlife CAPEX,2026-09-20,2026-10-17,27 days,FY27,,,,,,,,,,,,CB MM LTP,missing join key (Function Location (Q))
785D,MCORS,Haul,Mader,WC013,Transport & Unload,2026-10-18,2026-10-21,3 days,FY27,,,,,,,,,,,,CB MM LTP,missing join key (Function Location (Q))
785D,MCORS,Haul,Mader,WC013,Recommissioning,2026-10-22,2026-10-27,5 days,FY27,,,,,,,,,,,,CB MM LTP,missing join key (Function Location (Q))
777F,MCORS,Haul,Mader,SV021,SV021 - MCORS,2027-01-02,2027-03-26,83 days,FY27,,,,,,,,,,,,CB MM LTP,missing join key (Function Location (Q))
777F,MCORS,Haul,Mader,SV021,Decommissioning,2027-01-02,2027-01-04,2 days,FY27,,,,,,,,,,,,CB MM LTP,missing join key (Function Location (Q))
777F,MCORS,Haul,Mader,SV021,Load & Transport,2027-01-05,2027-01-08,3 days,FY27,,,,,,,,,,,,CB MM LTP,missing join key (Function Location (Q))
777F,MCORS,Haul,Mader,SV021,SV021 - Baseline Scope,2027-01-11,2027-03-16,64 days,FY27,,,,,,,,,,,,CB MM LTP,missing join key (Function Location (Q))
777F,MCORS,Haul,Mader,SV021,MCORS Transport,2027-01-11,2027-03-16,64 days,FY27,,,,,,,,,,,,CB MM LTP,missing join key (Function Location (Q))
777F,MCORS,Haul,Mader,SV021,Opex Variation,2027-01-11,2027-03-16,64 days,FY27,,,,,,,,,,,,CB MM LTP,missing join key (Function Location (Q))
777F,MCORS,Haul,Mader,SV021,Capex Variation,2027-01-11,2027-03-16,64 days,FY27,,,,,,,,,,,,CB MM LTP,missing join key (Function Location (Q))
777F,MCORS,Haul,Mader,SV021,Additional Baseline Opex Truck Fleet,2027-01-11,2027-03-16,64 days,FY27,,,,,,,,,,,,CB MM LTP,missing join key (Function Location (Q))
777F,MCORS,Haul,Mader,SV021,Additional Baseline Capex Truck Fleet,2027-01-11,2027-03-16,64 days,FY27,,,,,,,,,,,,CB MM LTP,missing join key (Function Location (Q))
777F,MCORS,Haul,Mader,SV021,Minor Hosing Opex,2027-01-11,2027-03-16,64 days,FY27,,,,,,,,,,,,CB MM LTP,missing join key (Function Location (Q))
777F,MCORS,Haul,Mader,SV021,Baseline Harness (Not on strategy) Capex,2027-01-11,2027-03-16,64 days,FY27,,,,,,,,,,,,CB MM LTP,missing join key (Function Location (Q))
777F,MCORS,Haul,Mader,SV021,Variation Opex - Corrosions/Repairs,2027-01-11,2027-03-16,64 days,FY27,,,,,,,,,,,,CB MM LTP,missing join key (Function Location (Q))
777F,MCORS,Haul,Mader,SV021,MCORS Site Labour Recovery - 777F,2027-01-11,2027-03-16,64 days,FY27,,,,,,,,,,,,CB MM LTP,missing join key (Function Location (Q))
777F,MCORS,Haul,Mader,SV021,MCORS SV Module Refurbishment Midlife CAPEX,2027-01-11,2027-03-16,64 days,FY27,,,,,,,,,,,,CB MM LTP,missing join key (Function Location (Q))
777F,MCORS,Haul,Mader,SV021,Transport & Unload,2027-03-17,2027-03-20,3 days,FY27,,,,,,,,,,,,CB MM LTP,missing join key (Function Location (Q))
777F,MCORS,Haul,Mader,SV021,Recommissioning,2027-03-21,2027-03-26,5 days,FY27,,,,,,,,,,,,CB MM LTP,missing join key (Function Location (Q))
785D,MCORS,Haul,Mader,WC3108,WC3108 - MCORS,2027-01-10,2027-02-23,44 days,FY27,,,,,,,,,,,,CB MM LTP,missing join key (Function Location (Q))
785D,MCORS,Haul,Mader,WC3108,Decommissioning,2027-01-10,2027-01-12,2 days,FY27,,,,,,,,,,,,CB MM LTP,missing join key (Function Location (Q))
785D,MCORS,Haul,Mader,WC3108,Load & Transport,2027-01-13,2027-01-16,3 days,FY27,,,,,,,,,,,,CB MM LTP,missing join key (Function Location (Q))
785D,MCORS,Haul,Mader,WC3108,WC3108 - Baseline Scope,2027-01-17,2027-02-13,27 days,FY27,,,,,,,,,,,,CB MM LTP,missing join key (Function Location (Q))
785D,MCORS,Haul,Mader,WC3108,MCORS Transport,2027-01-17,2027-02-13,27 days,FY27,,,,,,,,,,,,CB MM LTP,missing join key (Function Location (Q))
785D,MCORS,Haul,Mader,WC3108,Opex Variation,2027-01-17,2027-02-13,27 days,FY27,,,,,,,,,,,,CB MM LTP,missing join key (Function Location (Q))
785D,MCORS,Haul,Mader,WC3108,Capex Variation,2027-01-17,2027-02-13,27 days,FY27,,,,,,,,,,,,CB MM LTP,missing join key (Function Location (Q))
785D,MCORS,Haul,Mader,WC3108,Additional Baseline Opex Truck Fleet,2027-01-17,2027-02-13,27 days,FY27,,,,,,,,,,,,CB MM LTP,missing join key (Function Location (Q))
785D,MCORS,Haul,Mader,WC3108,Additional Baseline Capex Truck Fleet,2027-01-17,2027-02-13,27 days,FY27,,,,,,,,,,,,CB MM LTP,missing join key (Function Location (Q))
785D,MCORS,Haul,Mader,WC3108,Minor Hosing Opex,2027-01-17,2027-02-13,27 days,FY27,,,,,,,,,,,,CB MM LTP,missing join key (Function Location (Q))
785D,MCORS,Haul,Mader,WC3108,Baseline Harness (Not on strategy) Capex,2027-01-17,2027-02-13,27 days,FY27,,,,,,,,,,,,CB MM LTP,missing join key (Function Location (Q))
785D,MCORS,Haul,Mader,WC3108,Variation Opex - Corrosions/Repairs,2027-01-17,2027-02-13,27 days,FY27,,,,,,,,,,,,CB MM LTP,missing join key (Function Location (Q))
785D,MCORS,Haul,Mader,WC3108,Capex Variation - Cab Overhaul (if applicable),2027-01-17,2027-02-13,27 days,FY27,,,,,,,,,,,,CB MM LTP,missing join key (Function Location (Q))
785D,MCORS,Haul,Mader,WC3108,MCORS Site Labour Recovery - 785D,2027-01-17,2027-02-13,27 days,FY27,,,,,,,,,,,,CB MM LTP,missing join key (Function Location (Q))
785D,MCORS,Haul,Mader,WC3108,MCORS Watercart Module Refurbishment Midlife CAPEX,2027-01-17,2027-02-13,27 days,FY27,,,,,,,,,,,,CB MM LTP,missing join key (Function Location (Q))
785D,MCORS,Haul,Mader,WC3108,Transport & Unload,2027-02-14,2027-02-17,3 days,FY27,,,,,,,,,,,,CB MM LTP,missing join key (Function Location (Q))
785D,MCORS,Haul,Mader,WC3108,Recommissioning,2027-02-18,2027-02-23,5 days,FY27,,,,,,,,,,,,CB MM LTP,missing join key (Function Location (Q))
,MCORS,Ancillary,Various,,ANCILLARY,2026-07-01,2027-06-30,364 days,FY27,,,,,,,,,,,,CB MM LTP,missing join key (Function Location (Q))
24M,MCORS,Ancillary,Force - Perth,GR018,GR018 - MCORS,2026-06-22,2026-07-21,29.5 days,FY27,,,,,,,,,,,,CB MM LTP,missing join key (Function Location (Q))
24M,MCORS,Ancillary,Force - Perth,GR018,Decommissioning,2026-06-22,2026-06-22,0.5 days,FY27,,,,,,,,,,,,CB MM LTP,missing join key (Function Location (Q))
24M,MCORS,Ancillary,Force - Perth,GR018,Load & Transport,2026-06-23,2026-06-25,2 days,FY27,,,,,,,,,,,,CB MM LTP,missing join key (Function Location (Q))
24M,MCORS,Ancillary,Force - Perth,GR018,GR018 - Baseline Scope,2026-06-26,2026-07-17,21 days,FY27,,,,,,,,,,,,CB MM LTP,missing join key (Function Location (Q))
24M,MCORS,Ancillary,Force - Perth,GR018,MCORS Transport,2026-06-26,2026-07-17,21 days,FY27,,,,,,,,,,,,CB MM LTP,missing join key (Function Location (Q))
24M,MCORS,Ancillary,Force - Perth,GR018,Opex Variation,2026-06-26,2026-07-17,21 days,FY27,,,,,,,,,,,,CB MM LTP,missing join key (Function Location (Q))
24M,MCORS,Ancillary,Force - Perth,GR018,Capex Variation,2026-06-26,2026-07-17,21 days,FY27,,,,,,,,,,,,CB MM LTP,missing join key (Function Location (Q))
24M,MCORS,Ancillary,Force - Perth,GR018,Additional Baseline Opex Ancillary Fleet,2026-06-26,2026-07-17,21 days,FY27,,,,,,,,,,,,CB MM LTP,missing join key (Function Location (Q))
24M,MCORS,Ancillary,Force - Perth,GR018,Additional Baseline Capex Ancillary Fleet,2026-06-26,2026-07-17,21 days,FY27,,,,,,,,,,,,CB MM LTP,missing join key (Function Location (Q))
24M,MCORS,Ancillary,Force - Perth,GR018,Minor Hosing Opex,2026-06-26,2026-07-17,21 days,FY27,,,,,,,,,,,,CB MM LTP,missing join key (Function Location (Q))
24M,MCORS,Ancillary,Force - Perth,GR018,Major Hosing Price Variances - Capex,2026-06-26,2026-07-17,21 days,FY27,,,,,,,,,,,,CB MM LTP,missing join key (Function Location (Q))
24M,MCORS,Ancillary,Force - Perth,GR018,Baseline Harness (Not on strategy) Capex,2026-06-26,2026-07-17,21 days,FY27,,,,,,,,,,,,CB MM LTP,missing join key (Function Location (Q))
24M,MCORS,Ancillary,Force - Perth,GR018,Variation Opex - Corrosions/Repairs,2026-06-26,2026-07-17,21 days,FY27,,,,,,,,,,,,CB MM LTP,missing join key (Function Location (Q))
24M,MCORS,Ancillary,Force - Perth,GR018,Capex Variation - Cab Overhaul (if applicable),2026-06-26,2026-07-17,21 days,FY27,,,,,,,,,,,,CB MM LTP,missing join key (Function Location (Q))
24M,MCORS,Ancillary,Force - Perth,GR018,MCORS Site Labour Recovery - 24M,2026-06-26,2026-07-17,21 days,FY27,,,,,,,,,,,,CB MM LTP,missing join key (Function Location (Q))
24M,MCORS,Ancillary,Force - Perth,GR018,Transport & Unload,2026-07-18,2026-07-20,2 days,FY27,,,,,,,,,,,,CB MM LTP,missing join key (Function Location (Q))
24M,MCORS,Ancillary,Force - Perth,GR018,Recommissioning,2026-07-21,2026-07-21,0.5 days,FY27,,,,,,,,,,,,CB MM LTP,missing join key (Function Location (Q))
994H,MCORS,Ancillary,Force - Perth,WL028,WL028 - MCORS,2026-06-22,2026-08-07,46 days,FY27,,,,,,,,,,,,CB MM LTP,missing join key (Function Location (Q))
994H,MCORS,Ancillary,Force - Perth,WL028,Decommissioning,2026-06-22,2026-06-23,1 day,FY27,,,,,,,,,,,,CB MM LTP,missing join key (Function Location (Q))
994H,MCORS,Ancillary,Force - Perth,WL028,Load & Transport,2026-06-24,2026-06-27,3 days,FY27,,,,,,,,,,,,CB MM LTP,missing join key (Function Location (Q))
994H,MCORS,Ancillary,Force - Perth,WL028,WL028 - Baseline Scope,2026-06-28,2026-07-30,32 days,FY27,,,,,,,,,,,,CB MM LTP,missing join key (Function Location (Q))
994H,MCORS,Ancillary,Force - Perth,WL028,994H Safe Board Ladder Replace,2026-06-28,2026-07-30,32 days,FY27,,,,,,,,,,,,CB MM LTP,missing join key (Function Location (Q))
994H,MCORS,Ancillary,Force - Perth,WL028,994 Hydraulic Tank Replacement,2026-06-28,2026-07-30,32 days,FY27,,,,,,,,,,,,CB MM LTP,missing join key (Function Location (Q))
994H,MCORS,Ancillary,Force - Perth,WL028,994H Radiator Upgrade to Mesabi Cooling,2026-06-28,2026-07-30,32 days,FY27,,,,,,,,,,,,CB MM LTP,missing join key (Function Location (Q))
994H,MCORS,Ancillary,Force - Perth,WL028,MCORS Transport,2026-06-28,2026-07-30,32 days,FY27,,,,,,,,,,,,CB MM LTP,missing join key (Function Location (Q))
994H,MCORS,Ancillary,Force - Perth,WL028,Opex Variation,2026-06-28,2026-07-30,32 days,FY27,,,,,,,,,,,,CB MM LTP,missing join key (Function Location (Q))
994H,MCORS,Ancillary,Force - Perth,WL028,Capex Variation,2026-06-28,2026-07-30,32 days,FY27,,,,,,,,,,,,CB MM LTP,missing join key (Function Location (Q))
994H,MCORS,Ancillary,Force - Perth,WL028,Additional Baseline Opex Ancillary Fleet,2026-06-28,2026-07-30,32 days,FY27,,,,,,,,,,,,CB MM LTP,missing join key (Function Location (Q))
994H,MCORS,Ancillary,Force - Perth,WL028,Additional Baseline Capex Ancillary Fleet,2026-06-28,2026-07-30,32 days,FY27,,,,,,,,,,,,CB MM LTP,missing join key (Function Location (Q))
994H,MCORS,Ancillary,Force - Perth,WL028,Minor Hosing Opex,2026-06-28,2026-07-30,32 days,FY27,,,,,,,,,,,,CB MM LTP,missing join key (Function Location (Q))
994H,MCORS,Ancillary,Force - Perth,WL028,Major Hosing Price Variances - Capex,2026-06-28,2026-07-30,32 days,FY27,,,,,,,,,,,,CB MM LTP,missing join key (Function Location (Q))
994H,MCORS,Ancillary,Force - Perth,WL028,Baseline Harness (Not on strategy) Capex,2026-06-28,2026-07-30,32 days,FY27,,,,,,,,,,,,CB MM LTP,missing join key (Function Location (Q))
994H,MCORS,Ancillary,Force - Perth,WL028,Variation Opex - Corrosions/Repairs,2026-06-28,2026-07-30,32 days,FY27,,,,,,,,,,,,CB MM LTP,missing join key (Function Location (Q))
994H,MCORS,Ancillary,Force - Perth,WL028,Capex Variation - Cab Overhaul (if applicable),2026-06-28,2026-07-30,32 days,FY27,,,,,,,,,,,,CB MM LTP,missing join key (Function Location (Q))
994H,MCORS,Ancillary,Force - Perth,WL028,MCORS Site Labour Recovery - 994H,2026-06-28,2026-07-30,32 days,FY27,,,,,,,,,,,,CB MM LTP,missing join key (Function Location (Q))
994H,MCORS,Ancillary,Force - Perth,WL028,Transport & Unload,2026-07-31,2026-08-03,3 days,FY27,,,,,,,,,,,,CB MM LTP,missing join key (Function Location (Q))
994H,MCORS,Ancillary,Force - Perth,WL028,Recommissioning,2026-08-04,2026-08-07,3 days,FY27,,,,,,,,,,,,CB MM LTP,missing join key (Function Location (Q))
24M,MCORS,Ancillary,Force - Perth,GR021,GR021 - MCORS,2026-07-20,2026-08-18,29.5 days,FY27,,,,,,,,,,,,CB MM LTP,missing join key (Function Location (Q))
24M,MCORS,Ancillary,Force - Perth,GR021,Decommissioning,2026-07-20,2026-07-20,0.5 days,FY27,,,,,,,,,,,,CB MM LTP,missing join key (Function Location (Q))
24M,MCORS,Ancillary,Force - Perth,GR021,Load & Transport,2026-07-21,2026-07-23,2 days,FY27,,,,,,,,,,,,CB MM LTP,missing join key (Function Location (Q))
24M,MCORS,Ancillary,Force - Perth,GR021,GR021 - Baseline Scope,2026-07-24,2026-08-14,21 days,FY27,,,,,,,,,,,,CB MM LTP,missing join key (Function Location (Q))
24M,MCORS,Ancillary,Force - Perth,GR021,MCORS Transport,2026-07-24,2026-08-14,21 days,FY27,,,,,,,,,,,,CB MM LTP,missing join key (Function Location (Q))
24M,MCORS,Ancillary,Force - Perth,GR021,Opex Variation,2026-07-24,2026-08-14,21 days,FY27,,,,,,,,,,,,CB MM LTP,missing join key (Function Location (Q))
24M,MCORS,Ancillary,Force - Perth,GR021,Capex Variation,2026-07-24,2026-08-14,21 days,FY27,,,,,,,,,,,,CB MM LTP,missing join key (Function Location (Q))
24M,MCORS,Ancillary,Force - Perth,GR021,Additional Baseline Opex Ancillary Fleet,2026-07-24,2026-08-14,21 days,FY27,,,,,,,,,,,,CB MM LTP,missing join key (Function Location (Q))
24M,MCORS,Ancillary,Force - Perth,GR021,Additional Baseline Capex Ancillary Fleet,2026-07-24,2026-08-14,21 days,FY27,,,,,,,,,,,,CB MM LTP,missing join key (Function Location (Q))
24M,MCORS,Ancillary,Force - Perth,GR021,Minor Hosing Opex,2026-07-24,2026-08-14,21 days,FY27,,,,,,,,,,,,CB MM LTP,missing join key (Function Location (Q))
24M,MCORS,Ancillary,Force - Perth,GR021,Major Hosing Price Variances - Capex,2026-07-24,2026-08-14,21 days,FY27,,,,,,,,,,,,CB MM LTP,missing join key (Function Location (Q))
24M,MCORS,Ancillary,Force - Perth,GR021,Baseline Harness (Not on strategy) Capex,2026-07-24,2026-08-14,21 days,FY27,,,,,,,,,,,,CB MM LTP,missing join key (Function Location (Q))
24M,MCORS,Ancillary,Force - Perth,GR021,Variation Opex - Corrosions/Repairs,2026-07-24,2026-08-14,21 days,FY27,,,,,,,,,,,,CB MM LTP,missing join key (Function Location (Q))
24M,MCORS,Ancillary,Force - Perth,GR021,Capex Variation - Cab Overhaul (if applicable),2026-07-24,2026-08-14,21 days,FY27,,,,,,,,,,,,CB MM LTP,missing join key (Function Location (Q))
24M,MCORS,Ancillary,Force - Perth,GR021,MCORS Site Labour Recovery - 24M,2026-07-24,2026-08-14,21 days,FY27,,,,,,,,,,,,CB MM LTP,missing join key (Function Location (Q))
24M,MCORS,Ancillary,Force - Perth,GR021,Transport & Unload,2026-08-15,2026-08-17,2 days,FY27,,,,,,,,,,,,CB MM LTP,missing join key (Function Location (Q))
24M,MCORS,Ancillary,Force - Perth,GR021,Recommissioning,2026-08-18,2026-08-18,0.5 days,FY27,,,,,,,,,,,,CB MM LTP,missing join key (Function Location (Q))
D11T,MCORS,Ancillary,Force - Perth,DZX025,DZX025 - MCORS,2026-08-17,2026-09-12,26 days,FY27,,,,,,,,,,,,CB MM LTP,missing join key (Function Location (Q))
D11T,MCORS,Ancillary,Force - Perth,DZX025,Decommissioning,2026-08-17,2026-08-17,0.5 days,FY27,,,,,,,,,,,,CB MM LTP,missing join key (Function Location (Q))
D11T,MCORS,Ancillary,Force - Perth,DZX025,Load & Transport,2026-08-18,2026-08-20,2 days,FY27,,,,,,,,,,,,CB MM LTP,missing join key (Function Location (Q))
D11T,MCORS,Ancillary,Force - Perth,DZX025,DZX025 - Baseline Scope,2026-08-21,2026-09-07,17 days,FY27,,,,,,,,,,,,CB MM LTP,missing join key (Function Location (Q))
D11T,MCORS,Ancillary,Force - Perth,DZX025,MCORS Transport,2026-08-21,2026-09-07,17 days,FY27,,,,,,,,,,,,CB MM LTP,missing join key (Function Location (Q))
D11T,MCORS,Ancillary,Force - Perth,DZX025,Opex Variation,2026-08-21,2026-09-07,17 days,FY27,,,,,,,,,,,,CB MM LTP,missing join key (Function Location (Q))
D11T,MCORS,Ancillary,Force - Perth,DZX025,Capex Variation,2026-08-21,2026-09-07,17 days,FY27,,,,,,,,,,,,CB MM LTP,missing join key (Function Location (Q))
D11T,MCORS,Ancillary,Force - Perth,DZX025,Additional Baseline Opex Ancillary Fleet,2026-08-21,2026-09-07,17 days,FY27,,,,,,,,,,,,CB MM LTP,missing join key (Function Location (Q))
D11T,MCORS,Ancillary,Force - Perth,DZX025,Additional Baseline Capex Ancillary Fleet,2026-08-21,2026-09-07,17 days,FY27,,,,,,,,,,,,CB MM LTP,missing join key (Function Location (Q))
D11T,MCORS,Ancillary,Force - Perth,DZX025,Minor Hosing Opex,2026-08-21,2026-09-07,17 days,FY27,,,,,,,,,,,,CB MM LTP,missing join key (Function Location (Q))
D11T,MCORS,Ancillary,Force - Perth,DZX025,Major Hosing Price Variances - Capex,2026-08-21,2026-09-07,17 days,FY27,,,,,,,,,,,,CB MM LTP,missing join key (Function Location (Q))
D11T,MCORS,Ancillary,Force - Perth,DZX025,Baseline Harness (Not on strategy) Capex,2026-08-21,2026-09-07,17 days,FY27,,,,,,,,,,,,CB MM LTP,missing join key (Function Location (Q))
D11T,MCORS,Ancillary,Force - Perth,DZX025,Variation Opex - Corrosions/Repairs,2026-08-21,2026-09-07,17 days,FY27,,,,,,,,,,,,CB MM LTP,missing join key (Function Location (Q))
D11T,MCORS,Ancillary,Force - Perth,DZX025,Capex Variation - Cab Overhaul (if applicable),2026-08-21,2026-09-07,17 days,FY27,,,,,,,,,,,,CB MM LTP,missing join key (Function Location (Q))
D11T,MCORS,Ancillary,Force - Perth,DZX025,MCORS Site Labour Recovery - D11T,2026-08-21,2026-09-07,17 days,FY27,,,,,,,,,,,,CB MM LTP,missing join key (Function Location (Q))
D11T,MCORS,Ancillary,Force - Perth,DZX025,Transport & Unload,2026-09-08,2026-09-10,2 days,FY27,,,,,,,,,,,,CB MM LTP,missing join key (Function Location (Q))
D11T,MCORS,Ancillary,Force - Perth,DZX025,Recommissioning,2026-09-11,2026-09-12,1 day,FY27,,,,,,,,,,,,CB MM LTP,missing join key (Function Location (Q))
854K,MCORS,Ancillary,Force - Perth,WD005,WD005 - MCORS,2026-09-10,2026-10-18,38 days,FY27,,,,,,,,,,,,CB MM LTP,missing join key (Function Location (Q))
854K,MCORS,Ancillary,Force - Perth,WD005,Decommissioning,2026-09-10,2026-09-10,0.5 days,FY27,,,,,,,,,,,,CB MM LTP,missing join key (Function Location (Q))
854K,MCORS,Ancillary,Force - Perth,WD005,Load & Transport,2026-09-11,2026-09-14,3 days,FY27,,,,,,,,,,,,CB MM LTP,missing join key (Function Location (Q))
854K,MCORS,Ancillary,Force - Perth,WD005,WD005 - Baseline Scope,2026-09-15,2026-10-12,27 days,FY27,,,,,,,,,,,,CB MM LTP,missing join key (Function Location (Q))
854K,MCORS,Ancillary,Force - Perth,WD005,854K Artic Overhaul,2026-09-15,2026-10-12,27 days,FY27,,,,,,,,,,,,CB MM LTP,missing join key (Function Location (Q))
854K,MCORS,Ancillary,Force - Perth,WD005,854K Draft Arm Refurbishment,2026-09-15,2026-10-12,27 days,FY27,,,,,,,,,,,,CB MM LTP,missing join key (Function Location (Q))
854K,MCORS,Ancillary,Force - Perth,WD005,854K Blade Refurb,2026-09-15,2026-10-12,27 days,FY27,,,,,,,,,,,,CB MM LTP,missing join key (Function Location (Q))
854K,MCORS,Ancillary,Force - Perth,WD005,MCORS Transport,2026-09-15,2026-10-12,27 days,FY27,,,,,,,,,,,,CB MM LTP,missing join key (Function Location (Q))
854K,MCORS,Ancillary,Force - Perth,WD005,Opex Variation,2026-09-15,2026-10-12,27 days,FY27,,,,,,,,,,,,CB MM LTP,missing join key (Function Location (Q))
854K,MCORS,Ancillary,Force - Perth,WD005,Capex Variation,2026-09-15,2026-10-12,27 days,FY27,,,,,,,,,,,,CB MM LTP,missing join key (Function Location (Q))
854K,MCORS,Ancillary,Force - Perth,WD005,Additional Baseline Opex Ancillary Fleet,2026-09-15,2026-10-12,27 days,FY27,,,,,,,,,,,,CB MM LTP,missing join key (Function Location (Q))
854K,MCORS,Ancillary,Force - Perth,WD005,Additional Baseline Capex Ancillary Fleet,2026-09-15,2026-10-12,27 days,FY27,,,,,,,,,,,,CB MM LTP,missing join key (Function Location (Q))
854K,MCORS,Ancillary,Force - Perth,WD005,Minor Hosing Opex,2026-09-15,2026-10-12,27 days,FY27,,,,,,,,,,,,CB MM LTP,missing join key (Function Location (Q))
854K,MCORS,Ancillary,Force - Perth,WD005,Major Hosing Price Variances - Capex,2026-09-15,2026-10-12,27 days,FY27,,,,,,,,,,,,CB MM LTP,missing join key (Function Location (Q))
854K,MCORS,Ancillary,Force - Perth,WD005,Baseline Harness (Not on strategy) Capex,2026-09-15,2026-10-12,27 days,FY27,,,,,,,,,,,,CB MM LTP,missing join key (Function Location (Q))
854K,MCORS,Ancillary,Force - Perth,WD005,Variation Opex - Corrosions/Repairs,2026-09-15,2026-10-12,27 days,FY27,,,,,,,,,,,,CB MM LTP,missing join key (Function Location (Q))
854K,MCORS,Ancillary,Force - Perth,WD005,Capex Variation - Cab Overhaul (if applicable),2026-09-15,2026-10-12,27 days,FY27,,,,,,,,,,,,CB MM LTP,missing join key (Function Location (Q))
854K,MCORS,Ancillary,Force - Perth,WD005,MCORS Site Labour Recovery - 854K,2026-09-15,2026-10-12,27 days,FY27,,,,,,,,,,,,CB MM LTP,missing join key (Function Location (Q))
854K,MCORS,Ancillary,Force - Perth,WD005,Transport & Unload,2026-10-13,2026-10-16,3 days,FY27,,,,,,,,,,,,CB MM LTP,missing join key (Function Location (Q))
854K,MCORS,Ancillary,Force - Perth,WD005,Recommissioning,2026-10-17,2026-10-18,1 day,FY27,,,,,,,,,,,,CB MM LTP,missing join key (Function Location (Q))
994H,MCORS,Ancillary,Force - Perth,WL264,WL264 - MCORS,2026-09-25,2026-11-10,46 days,FY27,,,,,,,,,,,,CB MM LTP,missing join key (Function Location (Q))
994H,MCORS,Ancillary,Force - Perth,WL264,Decommissioning,2026-09-25,2026-09-26,1 day,FY27,,,,,,,,,,,,CB MM LTP,missing join key (Function Location (Q))
994H,MCORS,Ancillary,Force - Perth,WL264,Load & Transport,2026-09-27,2026-09-30,3 days,FY27,,,,,,,,,,,,CB MM LTP,missing join key (Function Location (Q))
994H,MCORS,Ancillary,Force - Perth,WL264,WL264 - Baseline Scope,2026-10-01,2026-11-02,32 days,FY27,,,,,,,,,,,,CB MM LTP,missing join key (Function Location (Q))
994H,MCORS,Ancillary,Force - Perth,WL264,MCORS Transport,2026-10-01,2026-11-02,32 days,FY27,,,,,,,,,,,,CB MM LTP,missing join key (Function Location (Q))
994H,MCORS,Ancillary,Force - Perth,WL264,Opex Variation,2026-10-01,2026-11-02,32 days,FY27,,,,,,,,,,,,CB MM LTP,missing join key (Function Location (Q))
994H,MCORS,Ancillary,Force - Perth,WL264,Capex Variation,2026-10-01,2026-11-02,32 days,FY27,,,,,,,,,,,,CB MM LTP,missing join key (Function Location (Q))
994H,MCORS,Ancillary,Force - Perth,WL264,Additional Baseline Opex Ancillary Fleet,2026-10-01,2026-11-02,32 days,FY27,,,,,,,,,,,,CB MM LTP,missing join key (Function Location (Q))
994H,MCORS,Ancillary,Force - Perth,WL264,Additional Baseline Capex Ancillary Fleet,2026-10-01,2026-11-02,32 days,FY27,,,,,,,,,,,,CB MM LTP,missing join key (Function Location (Q))
994H,MCORS,Ancillary,Force - Perth,WL264,Minor Hosing Opex,2026-10-01,2026-11-02,32 days,FY27,,,,,,,,,,,,CB MM LTP,missing join key (Function Location (Q))
994H,MCORS,Ancillary,Force - Perth,WL264,Major Hosing Price Variances - Capex,2026-10-01,2026-11-02,32 days,FY27,,,,,,,,,,,,CB MM LTP,missing join key (Function Location (Q))
994H,MCORS,Ancillary,Force - Perth,WL264,Baseline Harness (Not on strategy) Capex,2026-10-01,2026-11-02,32 days,FY27,,,,,,,,,,,,CB MM LTP,missing join key (Function Location (Q))
994H,MCORS,Ancillary,Force - Perth,WL264,Variation Opex - Corrosions/Repairs,2026-10-01,2026-11-02,32 days,FY27,,,,,,,,,,,,CB MM LTP,missing join key (Function Location (Q))
994H,MCORS,Ancillary,Force - Perth,WL264,Capex Variation - Cab Overhaul (if applicable),2026-10-01,2026-11-02,32 days,FY27,,,,,,,,,,,,CB MM LTP,missing join key (Function Location (Q))
994H,MCORS,Ancillary,Force - Perth,WL264,MCORS Site Labour Recovery - 994H,2026-10-01,2026-11-02,32 days,FY27,,,,,,,,,,,,CB MM LTP,missing join key (Function Location (Q))
994H,MCORS,Ancillary,Force - Perth,WL264,Transport & Unload,2026-11-03,2026-11-06,3 days,FY27,,,,,,,,,,,,CB MM LTP,missing join key (Function Location (Q))
994H,MCORS,Ancillary,Force - Perth,WL264,Recommissioning,2026-11-07,2026-11-10,3 days,FY27,,,,,,,,,,,,CB MM LTP,missing join key (Function Location (Q))
24M,MCORS,Ancillary,Force - Perth,GR013,GR013 - MCORS,2026-11-05,2026-12-04,29.5 days,FY27,,,,,,,,,,,,CB MM LTP,missing join key (Function Location (Q))
24M,MCORS,Ancillary,Force - Perth,GR013,Decommissioning,2026-11-05,2026-11-05,0.5 days,FY27,,,,,,,,,,,,CB MM LTP,missing join key (Function Location (Q))
24M,MCORS,Ancillary,Force - Perth,GR013,Load & Transport,2026-11-06,2026-11-08,2 days,FY27,,,,,,,,,,,,CB MM LTP,missing join key (Function Location (Q))
24M,MCORS,Ancillary,Force - Perth,GR013,GR013 - Baseline Scope,2026-11-09,2026-11-30,21 days,FY27,,,,,,,,,,,,CB MM LTP,missing join key (Function Location (Q))
24M,MCORS,Ancillary,Force - Perth,GR013,MCORS Transport,2026-11-09,2026-11-30,21 days,FY27,,,,,,,,,,,,CB MM LTP,missing join key (Function Location (Q))
24M,MCORS,Ancillary,Force - Perth,GR013,Opex Variation,2026-11-09,2026-11-30,21 days,FY27,,,,,,,,,,,,CB MM LTP,missing join key (Function Location (Q))
24M,MCORS,Ancillary,Force - Perth,GR013,Capex Variation,2026-11-09,2026-11-30,21 days,FY27,,,,,,,,,,,,CB MM LTP,missing join key (Function Location (Q))
24M,MCORS,Ancillary,Force - Perth,GR013,Additional Baseline Opex Ancillary Fleet,2026-11-09,2026-11-30,21 days,FY27,,,,,,,,,,,,CB MM LTP,missing join key (Function Location (Q))
24M,MCORS,Ancillary,Force - Perth,GR013,Additional Baseline Capex Ancillary Fleet,2026-11-09,2026-11-30,21 days,FY27,,,,,,,,,,,,CB MM LTP,missing join key (Function Location (Q))
24M,MCORS,Ancillary,Force - Perth,GR013,Minor Hosing Opex,2026-11-09,2026-11-30,21 days,FY27,,,,,,,,,,,,CB MM LTP,missing join key (Function Location (Q))
24M,MCORS,Ancillary,Force - Perth,GR013,Major Hosing Price Variances - Capex,2026-11-09,2026-11-30,21 days,FY27,,,,,,,,,,,,CB MM LTP,missing join key (Function Location (Q))
24M,MCORS,Ancillary,Force - Perth,GR013,Baseline Harness (Not on strategy) Capex,2026-11-09,2026-11-30,21 days,FY27,,,,,,,,,,,,CB MM LTP,missing join key (Function Location (Q))
24M,MCORS,Ancillary,Force - Perth,GR013,Variation Opex - Corrosions/Repairs,2026-11-09,2026-11-30,21 days,FY27,,,,,,,,,,,,CB MM LTP,missing join key (Function Location (Q))
24M,MCORS,Ancillary,Force - Perth,GR013,Capex Variation - Cab Overhaul (if applicable),2026-11-09,2026-11-30,21 days,FY27,,,,,,,,,,,,CB MM LTP,missing join key (Function Location (Q))
24M,MCORS,Ancillary,Force - Perth,GR013,MCORS Site Labour Recovery - 24M,2026-11-09,2026-11-30,21 days,FY27,,,,,,,,,,,,CB MM LTP,missing join key (Function Location (Q))
24M,MCORS,Ancillary,Force - Perth,GR013,Transport & Unload,2026-12-01,2026-12-03,2 days,FY27,,,,,,,,,,,,CB MM LTP,missing join key (Function Location (Q))
24M,MCORS,Ancillary,Force - Perth,GR013,Recommissioning,2026-12-04,2026-12-04,0.5 days,FY27,,,,,,,,,,,,CB MM LTP,missing join key (Function Location (Q))
994H,MCORS,Ancillary,Force - Perth,WL026,WL026 - MCORS,2027-02-23,2027-04-10,46 days,FY27,,,,,,,,,,,,CB MM LTP,missing join key (Function Location (Q))
994H,MCORS,Ancillary,Force - Perth,WL026,Decommissioning,2027-02-23,2027-02-24,1 day,FY27,,,,,,,,,,,,CB MM LTP,missing join key (Function Location (Q))
994H,MCORS,Ancillary,Force - Perth,WL026,Load & Transport,2027-02-25,2027-02-28,3 days,FY27,,,,,,,,,,,,CB MM LTP,missing join key (Function Location (Q))
994H,MCORS,Ancillary,Force - Perth,WL026,WL026 - Baseline Scope,2027-03-01,2027-04-02,32 days,FY27,,,,,,,,,,,,CB MM LTP,missing join key (Function Location (Q))
994H,MCORS,Ancillary,Force - Perth,WL026,MCORS Transport,2027-03-01,2027-04-02,32 days,FY27,,,,,,,,,,,,CB MM LTP,missing join key (Function Location (Q))
994H,MCORS,Ancillary,Force - Perth,WL026,Opex Variation,2027-03-01,2027-04-02,32 days,FY27,,,,,,,,,,,,CB MM LTP,missing join key (Function Location (Q))
994H,MCORS,Ancillary,Force - Perth,WL026,Capex Variation,2027-03-01,2027-04-02,32 days,FY27,,,,,,,,,,,,CB MM LTP,missing join key (Function Location (Q))
994H,MCORS,Ancillary,Force - Perth,WL026,Additional Baseline Opex Ancillary Fleet,2027-03-01,2027-04-02,32 days,FY27,,,,,,,,,,,,CB MM LTP,missing join key (Function Location (Q))
994H,MCORS,Ancillary,Force - Perth,WL026,Additional Baseline Capex Ancillary Fleet,2027-03-01,2027-04-02,32 days,FY27,,,,,,,,,,,,CB MM LTP,missing join key (Function Location (Q))
994H,MCORS,Ancillary,Force - Perth,WL026,Minor Hosing Opex,2027-03-01,2027-04-02,32 days,FY27,,,,,,,,,,,,CB MM LTP,missing join key (Function Location (Q))
994H,MCORS,Ancillary,Force - Perth,WL026,Major Hosing Price Variances - Capex,2027-03-01,2027-04-02,32 days,FY27,,,,,,,,,,,,CB MM LTP,missing join key (Function Location (Q))
994H,MCORS,Ancillary,Force - Perth,WL026,Baseline Harness (Not on strategy) Capex,2027-03-01,2027-04-02,32 days,FY27,,,,,,,,,,,,CB MM LTP,missing join key (Function Location (Q))
994H,MCORS,Ancillary,Force - Perth,WL026,Variation Opex - Corrosions/Repairs,2027-03-01,2027-04-02,32 days,FY27,,,,,,,,,,,,CB MM LTP,missing join key (Function Location (Q))
994H,MCORS,Ancillary,Force - Perth,WL026,Capex Variation - Cab Overhaul (if applicable),2027-03-01,2027-04-02,32 days,FY27,,,,,,,,,,,,CB MM LTP,missing join key (Function Location (Q))
994H,MCORS,Ancillary,Force - Perth,WL026,MCORS Site Labour Recovery - 994H,2027-03-01,2027-04-02,32 days,FY27,,,,,,,,,,,,CB MM LTP,missing join key (Function Location (Q))
994H,MCORS,Ancillary,Force - Perth,WL026,Transport & Unload,2027-04-03,2027-04-06,3 days,FY27,,,,,,,,,,,,CB MM LTP,missing join key (Function Location (Q))
994H,MCORS,Ancillary,Force - Perth,WL026,Recommissioning,2027-04-07,2027-04-10,3 days,FY27,,,,,,,,,,,,CB MM LTP,missing join key (Function Location (Q))
16M,MCORS,Ancillary,Mader,GR102,GR102 - MCORS,2027-03-30,2027-04-24,25.5 days,FY27,,,,,,,,,,,,CB MM LTP,missing join key (Function Location (Q))
16M,MCORS,Ancillary,Mader,GR102,Decommissioning,2027-03-30,2027-03-30,0.5 days,FY27,,,,,,,,,,,,CB MM LTP,missing join key (Function Location (Q))
16M,MCORS,Ancillary,Mader,GR102,Load & Transport,2027-03-31,2027-04-02,2 days,FY27,,,,,,,,,,,,CB MM LTP,missing join key (Function Location (Q))
16M,MCORS,Ancillary,Mader,GR102,GR102 - Baseline Scope,2027-04-03,2027-04-20,17 days,FY27,,,,,,,,,,,,CB MM LTP,missing join key (Function Location (Q))
16M,MCORS,Ancillary,Mader,GR102,MCORS Transport,2027-04-03,2027-04-20,17 days,FY27,,,,,,,,,,,,CB MM LTP,missing join key (Function Location (Q))
16M,MCORS,Ancillary,Mader,GR102,Opex Variation,2027-04-03,2027-04-20,17 days,FY27,,,,,,,,,,,,CB MM LTP,missing join key (Function Location (Q))
16M,MCORS,Ancillary,Mader,GR102,Capex Variation,2027-04-03,2027-04-20,17 days,FY27,,,,,,,,,,,,CB MM LTP,missing join key (Function Location (Q))
16M,MCORS,Ancillary,Mader,GR102,Additional Baseline Opex Ancillary Fleet,2027-04-03,2027-04-20,17 days,FY27,,,,,,,,,,,,CB MM LTP,missing join key (Function Location (Q))
16M,MCORS,Ancillary,Mader,GR102,Additional Baseline Capex Ancillary Fleet,2027-04-03,2027-04-20,17 days,FY27,,,,,,,,,,,,CB MM LTP,missing join key (Function Location (Q))
16M,MCORS,Ancillary,Mader,GR102,Major Hosing Price Variances - Capex,2027-04-03,2027-04-20,17 days,FY27,,,,,,,,,,,,CB MM LTP,missing join key (Function Location (Q))
16M,MCORS,Ancillary,Mader,GR102,Baseline Harness (Not on strategy) Capex,2027-04-03,2027-04-20,17 days,FY27,,,,,,,,,,,,CB MM LTP,missing join key (Function Location (Q))
16M,MCORS,Ancillary,Mader,GR102,Variation Opex - Corrosions/Repairs,2027-04-03,2027-04-20,17 days,FY27,,,,,,,,,,,,CB MM LTP,missing join key (Function Location (Q))
16M,MCORS,Ancillary,Mader,GR102,Capex Variation - Cab Overhaul (if applicable),2027-04-03,2027-04-20,17 days,FY27,,,,,,,,,,,,CB MM LTP,missing join key (Function Location (Q))
16M,MCORS,Ancillary,Mader,GR102,MCORS Site Labour Recovery - 16M,2027-04-03,2027-04-20,17 days,FY27,,,,,,,,,,,,CB MM LTP,missing join key (Function Location (Q))
16M,MCORS,Ancillary,Mader,GR102,Transport & Unload,2027-04-21,2027-04-23,2 days,FY27,,,,,,,,,,,,CB MM LTP,missing join key (Function Location (Q))
16M,MCORS,Ancillary,Mader,GR102,Recommissioning,2027-04-24,2027-04-24,0.5 days,FY27,,,,,,,,,,,,CB MM LTP,missing join key (Function Location (Q))
D10T,MCORS,Ancillary,Force - Perth,DZ011,DZ011 - MCORS,2027-04-11,2027-05-07,26 days,FY27,,,,,,,,,,,,CB MM LTP,missing join key (Function Location (Q))
D10T,MCORS,Ancillary,Force - Perth,DZ011,Decommissioning,2027-04-11,2027-04-11,0.5 days,FY27,,,,,,,,,,,,CB MM LTP,missing join key (Function Location (Q))
D10T,MCORS,Ancillary,Force - Perth,DZ011,Load & Transport,2027-04-12,2027-04-14,2 days,FY27,,,,,,,,,,,,CB MM LTP,missing join key (Function Location (Q))
D10T,MCORS,Ancillary,Force - Perth,DZ011,DZ011 - Baseline Scope,2027-04-15,2027-05-02,17 days,FY27,,,,,,,,,,,,CB MM LTP,missing join key (Function Location (Q))
D10T,MCORS,Ancillary,Force - Perth,DZ011,MCORS Transport,2027-04-15,2027-05-02,17 days,FY27,,,,,,,,,,,,CB MM LTP,missing join key (Function Location (Q))
D10T,MCORS,Ancillary,Force - Perth,DZ011,Opex Variation,2027-04-15,2027-05-02,17 days,FY27,,,,,,,,,,,,CB MM LTP,missing join key (Function Location (Q))
D10T,MCORS,Ancillary,Force - Perth,DZ011,Capex Variation,2027-04-15,2027-05-02,17 days,FY27,,,,,,,,,,,,CB MM LTP,missing join key (Function Location (Q))
D10T,MCORS,Ancillary,Force - Perth,DZ011,Additional Baseline Opex Ancillary Fleet,2027-04-15,2027-05-02,17 days,FY27,,,,,,,,,,,,CB MM LTP,missing join key (Function Location (Q))
D10T,MCORS,Ancillary,Force - Perth,DZ011,Additional Baseline Capex Ancillary Fleet,2027-04-15,2027-05-02,17 days,FY27,,,,,,,,,,,,CB MM LTP,missing join key (Function Location (Q))
D10T,MCORS,Ancillary,Force - Perth,DZ011,Minor Hosing Opex,2027-04-15,2027-05-02,17 days,FY27,,,,,,,,,,,,CB MM LTP,missing join key (Function Location (Q))
D10T,MCORS,Ancillary,Force - Perth,DZ011,Major Hosing Price Variances - Capex,2027-04-15,2027-05-02,17 days,FY27,,,,,,,,,,,,CB MM LTP,missing join key (Function Location (Q))
D10T,MCORS,Ancillary,Force - Perth,DZ011,Baseline Harness (Not on strategy) Capex,2027-04-15,2027-05-02,17 days,FY27,,,,,,,,,,,,CB MM LTP,missing join key (Function Location (Q))
D10T,MCORS,Ancillary,Force - Perth,DZ011,Variation Opex - Corrosions/Repairs,2027-04-15,2027-05-02,17 days,FY27,,,,,,,,,,,,CB MM LTP,missing join key (Function Location (Q))
D10T,MCORS,Ancillary,Force - Perth,DZ011,Capex Variation - Cab Overhaul (if applicable),2027-04-15,2027-05-02,17 days,FY27,,,,,,,,,,,,CB MM LTP,missing join key (Function Location (Q))
D10T,MCORS,Ancillary,Force - Perth,DZ011,MCORS Site Labour Recovery - D10T,2027-04-15,2027-05-02,17 days,FY27,,,,,,,,,,,,CB MM LTP,missing join key (Function Location (Q))
D10T,MCORS,Ancillary,Force - Perth,DZ011,Transport & Unload,2027-05-03,2027-05-05,2 days,FY27,,,,,,,,,,,,CB MM LTP,missing join key (Function Location (Q))
D10T,MCORS,Ancillary,Force - Perth,DZ011,Recommissioning,2027-05-06,2027-05-07,1 day,FY27,,,,,,,,,,,,CB MM LTP,missing join key (Function Location (Q))
16M,MCORS,Ancillary,Mader,GR017,GR017 - MCORS,2027-04-20,2027-05-15,25.5 days,FY27,,,,,,,,,,,,CB MM LTP,missing join key (Function Location (Q))
16M,MCORS,Ancillary,Mader,GR017,Decommissioning,2027-04-20,2027-04-20,0.5 days,FY27,,,,,,,,,,,,CB MM LTP,missing join key (Function Location (Q))
16M,MCORS,Ancillary,Mader,GR017,Load & Transport,2027-04-21,2027-04-23,2 days,FY27,,,,,,,,,,,,CB MM LTP,missing join key (Function Location (Q))
16M,MCORS,Ancillary,Mader,GR017,GR017 - Baseline Scope,2027-04-24,2027-05-11,17 days,FY27,,,,,,,,,,,,CB MM LTP,missing join key (Function Location (Q))
16M,MCORS,Ancillary,Mader,GR017,MCORS Transport,2027-04-24,2027-05-11,17 days,FY27,,,,,,,,,,,,CB MM LTP,missing join key (Function Location (Q))
16M,MCORS,Ancillary,Mader,GR017,Opex Variation,2027-04-24,2027-05-11,17 days,FY27,,,,,,,,,,,,CB MM LTP,missing join key (Function Location (Q))
16M,MCORS,Ancillary,Mader,GR017,Capex Variation,2027-04-24,2027-05-11,17 days,FY27,,,,,,,,,,,,CB MM LTP,missing join key (Function Location (Q))
16M,MCORS,Ancillary,Mader,GR017,Additional Baseline Opex Ancillary Fleet,2027-04-24,2027-05-11,17 days,FY27,,,,,,,,,,,,CB MM LTP,missing join key (Function Location (Q))
16M,MCORS,Ancillary,Mader,GR017,Additional Baseline Capex Ancillary Fleet,2027-04-24,2027-05-11,17 days,FY27,,,,,,,,,,,,CB MM LTP,missing join key (Function Location (Q))
16M,MCORS,Ancillary,Mader,GR017,Major Hosing Price Variances - Capex,2027-04-24,2027-05-11,17 days,FY27,,,,,,,,,,,,CB MM LTP,missing join key (Function Location (Q))
16M,MCORS,Ancillary,Mader,GR017,Baseline Harness (Not on strategy) Capex,2027-04-24,2027-05-11,17 days,FY27,,,,,,,,,,,,CB MM LTP,missing join key (Function Location (Q))
16M,MCORS,Ancillary,Mader,GR017,Variation Opex - Corrosions/Repairs,2027-04-24,2027-05-11,17 days,FY27,,,,,,,,,,,,CB MM LTP,missing join key (Function Location (Q))
16M,MCORS,Ancillary,Mader,GR017,Capex Variation - Cab Overhaul (if applicable),2027-04-24,2027-05-11,17 days,FY27,,,,,,,,,,,,CB MM LTP,missing join key (Function Location (Q))
16M,MCORS,Ancillary,Mader,GR017,MCORS Site Labour Recovery - 16M,2027-04-24,2027-05-11,17 days,FY27,,,,,,,,,,,,CB MM LTP,missing join key (Function Location (Q))
16M,MCORS,Ancillary,Mader,GR017,Transport & Unload,2027-05-12,2027-05-14,2 days,FY27,,,,,,,,,,,,CB MM LTP,missing join key (Function Location (Q))
16M,MCORS,Ancillary,Mader,GR017,Recommissioning,2027-05-15,2027-05-15,0.5 days,FY27,,,,,,,,,,,,CB MM LTP,missing join key (Function Location (Q))
,MCORS,,,,FY28 - MCORS,2027-07-01,2028-06-30,365 days,FY28,,,,,,,,,,,,CB MM LTP,missing join key (Function Location (Q))
,MCORS,Ancillary,Various,,ANCILLARY,2027-07-01,2028-06-30,365 days,FY28,,,,,,,,,,,,CB MM LTP,missing join key (Function Location (Q))
994H,MCORS,Ancillary,TBA,WL027,WL027 - MCORS (EOL - 05/2026),2027-07-01,2027-08-16,46 days,FY28,,,,,,,,,,,,CB MM LTP,missing join key (Function Location (Q))
994H,MCORS,Ancillary,TBA,WL027,Decommissioning,2027-07-01,2027-07-02,1 day,FY28,,,,,,,,,,,,CB MM LTP,missing join key (Function Location (Q))
994H,MCORS,Ancillary,TBA,WL027,Load & Transport,2027-07-03,2027-07-06,3 days,FY28,,,,,,,,,,,,CB MM LTP,missing join key (Function Location (Q))
994H,MCORS,Ancillary,TBA,WL027,WL027 - Baseline Scope,2027-07-07,2027-08-08,32 days,FY28,,,,,,,,,,,,CB MM LTP,missing join key (Function Location (Q))
994H,MCORS,Ancillary,TBA,WL027,MCORS Transport,2027-07-07,2027-08-08,32 days,FY28,,,,,,,,,,,,CB MM LTP,missing join key (Function Location (Q))
994H,MCORS,Ancillary,TBA,WL027,Opex Variation,2027-07-07,2027-08-08,32 days,FY28,,,,,,,,,,,,CB MM LTP,missing join key (Function Location (Q))
994H,MCORS,Ancillary,TBA,WL027,Capex Variation,2027-07-07,2027-08-08,32 days,FY28,,,,,,,,,,,,CB MM LTP,missing join key (Function Location (Q))
994H,MCORS,Ancillary,TBA,WL027,Additional Baseline Opex Ancillary Fleet,2027-07-07,2027-08-08,32 days,FY28,,,,,,,,,,,,CB MM LTP,missing join key (Function Location (Q))
994H,MCORS,Ancillary,TBA,WL027,Additional Baseline Capex Ancillary Fleet,2027-07-07,2027-08-08,32 days,FY28,,,,,,,,,,,,CB MM LTP,missing join key (Function Location (Q))
994H,MCORS,Ancillary,TBA,WL027,Minor Hosing Opex,2027-07-07,2027-08-08,32 days,FY28,,,,,,,,,,,,CB MM LTP,missing join key (Function Location (Q))
994H,MCORS,Ancillary,TBA,WL027,Major Hosing Price Variances - Capex,2027-07-07,2027-08-08,32 days,FY28,,,,,,,,,,,,CB MM LTP,missing join key (Function Location (Q))
994H,MCORS,Ancillary,TBA,WL027,Baseline Harness (Not on strategy) Capex,2027-07-07,2027-08-08,32 days,FY28,,,,,,,,,,,,CB MM LTP,missing join key (Function Location (Q))
994H,MCORS,Ancillary,TBA,WL027,Variation Opex - Corrosions/Repairs,2027-07-07,2027-08-08,32 days,FY28,,,,,,,,,,,,CB MM LTP,missing join key (Function Location (Q))
994H,MCORS,Ancillary,TBA,WL027,Capex Variation - Cab Overhaul (if applicable),2027-07-07,2027-08-08,32 days,FY28,,,,,,,,,,,,CB MM LTP,missing join key (Function Location (Q))
994H,MCORS,Ancillary,TBA,WL027,MCORS Site Labour Recovery - 994H,2027-07-07,2027-08-08,32 days,FY28,,,,,,,,,,,,CB MM LTP,missing join key (Function Location (Q))
994H,MCORS,Ancillary,TBA,WL027,Transport & Unload,2027-08-09,2027-08-12,3 days,FY28,,,,,,,,,,,,CB MM LTP,missing join key (Function Location (Q))
994H,MCORS,Ancillary,TBA,WL027,Recommissioning,2027-08-13,2027-08-16,3 days,FY28,,,,,,,,,,,,CB MM LTP,missing join key (Function Location (Q))
D11T,MCORS,Ancillary,TBA,DZX023,DZX023 - MCORS (EOL - 11/2025),2027-09-05,2027-10-01,26 days,FY28,,,,,,,,,,,,CB MM LTP,missing join key (Function Location (Q))
D11T,MCORS,Ancillary,TBA,DZX023,Decommissioning,2027-09-05,2027-09-05,0.5 days,FY28,,,,,,,,,,,,CB MM LTP,missing join key (Function Location (Q))
D11T,MCORS,Ancillary,TBA,DZX023,Load & Transport,2027-09-06,2027-09-08,2 days,FY28,,,,,,,,,,,,CB MM LTP,missing join key (Function Location (Q))
D11T,MCORS,Ancillary,TBA,DZX023,DZX023 - Baseline Scope,2027-09-09,2027-09-26,17 days,FY28,,,,,,,,,,,,CB MM LTP,missing join key (Function Location (Q))
D11T,MCORS,Ancillary,TBA,DZX023,MCORS Transport,2027-09-09,2027-09-26,17 days,FY28,,,,,,,,,,,,CB MM LTP,missing join key (Function Location (Q))
D11T,MCORS,Ancillary,TBA,DZX023,Opex Variation,2027-09-09,2027-09-26,17 days,FY28,,,,,,,,,,,,CB MM LTP,missing join key (Function Location (Q))
D11T,MCORS,Ancillary,TBA,DZX023,Capex Variation,2027-09-09,2027-09-26,17 days,FY28,,,,,,,,,,,,CB MM LTP,missing join key (Function Location (Q))
D11T,MCORS,Ancillary,TBA,DZX023,Additional Baseline Opex Ancillary Fleet,2027-09-09,2027-09-26,17 days,FY28,,,,,,,,,,,,CB MM LTP,missing join key (Function Location (Q))
D11T,MCORS,Ancillary,TBA,DZX023,Additional Baseline Capex Ancillary Fleet,2027-09-09,2027-09-26,17 days,FY28,,,,,,,,,,,,CB MM LTP,missing join key (Function Location (Q))
D11T,MCORS,Ancillary,TBA,DZX023,Minor Hosing Opex,2027-09-09,2027-09-26,17 days,FY28,,,,,,,,,,,,CB MM LTP,missing join key (Function Location (Q))
D11T,MCORS,Ancillary,TBA,DZX023,Major Hosing Price Variances - Capex,2027-09-09,2027-09-26,17 days,FY28,,,,,,,,,,,,CB MM LTP,missing join key (Function Location (Q))
D11T,MCORS,Ancillary,TBA,DZX023,Baseline Harness (Not on strategy) Capex,2027-09-09,2027-09-26,17 days,FY28,,,,,,,,,,,,CB MM LTP,missing join key (Function Location (Q))
D11T,MCORS,Ancillary,TBA,DZX023,Variation Opex - Corrosions/Repairs,2027-09-09,2027-09-26,17 days,FY28,,,,,,,,,,,,CB MM LTP,missing join key (Function Location (Q))
D11T,MCORS,Ancillary,TBA,DZX023,Capex Variation - Cab Overhaul (if applicable),2027-09-09,2027-09-26,17 days,FY28,,,,,,,,,,,,CB MM LTP,missing join key (Function Location (Q))
D11T,MCORS,Ancillary,TBA,DZX023,MCORS Site Labour Recovery - D11T,2027-09-09,2027-09-26,17 days,FY28,,,,,,,,,,,,CB MM LTP,missing join key (Function Location (Q))
D11T,MCORS,Ancillary,TBA,DZX023,Transport & Unload,2027-09-27,2027-09-29,2 days,FY28,,,,,,,,,,,,CB MM LTP,missing join key (Function Location (Q))
D11T,MCORS,Ancillary,TBA,DZX023,Recommissioning,2027-09-30,2027-10-01,1 day,FY28,,,,,,,,,,,,CB MM LTP,missing join key (Function Location (Q))
D10T,MCORS,Ancillary,TBA,DZ018,DZ018 - MCORS (EOL - 07/2027),2027-09-20,2027-10-16,26 days,FY28,,,,,,,,,,,,CB MM LTP,missing join key (Function Location (Q))
D10T,MCORS,Ancillary,TBA,DZ018,Decommissioning,2027-09-20,2027-09-20,0.5 days,FY28,,,,,,,,,,,,CB MM LTP,missing join key (Function Location (Q))
D10T,MCORS,Ancillary,TBA,DZ018,Load & Transport,2027-09-21,2027-09-23,2 days,FY28,,,,,,,,,,,,CB MM LTP,missing join key (Function Location (Q))
D10T,MCORS,Ancillary,TBA,DZ018,DZ018 - Baseline Scope,2027-09-24,2027-10-11,17 days,FY28,,,,,,,,,,,,CB MM LTP,missing join key (Function Location (Q))
D10T,MCORS,Ancillary,TBA,DZ018,MCORS Transport,2027-09-24,2027-10-11,17 days,FY28,,,,,,,,,,,,CB MM LTP,missing join key (Function Location (Q))
D10T,MCORS,Ancillary,TBA,DZ018,Opex Variation,2027-09-24,2027-10-11,17 days,FY28,,,,,,,,,,,,CB MM LTP,missing join key (Function Location (Q))
D10T,MCORS,Ancillary,TBA,DZ018,Capex Variation,2027-09-24,2027-10-11,17 days,FY28,,,,,,,,,,,,CB MM LTP,missing join key (Function Location (Q))
D10T,MCORS,Ancillary,TBA,DZ018,Additional Baseline Opex Ancillary Fleet,2027-09-24,2027-10-11,17 days,FY28,,,,,,,,,,,,CB MM LTP,missing join key (Function Location (Q))
D10T,MCORS,Ancillary,TBA,DZ018,Additional Baseline Capex Ancillary Fleet,2027-09-24,2027-10-11,17 days,FY28,,,,,,,,,,,,CB MM LTP,missing join key (Function Location (Q))
D10T,MCORS,Ancillary,TBA,DZ018,Minor Hosing Opex,2027-09-24,2027-10-11,17 days,FY28,,,,,,,,,,,,CB MM LTP,missing join key (Function Location (Q))
D10T,MCORS,Ancillary,TBA,DZ018,Major Hosing Price Variances - Capex,2027-09-24,2027-10-11,17 days,FY28,,,,,,,,,,,,CB MM LTP,missing join key (Function Location (Q))
D10T,MCORS,Ancillary,TBA,DZ018,Baseline Harness (Not on strategy) Capex,2027-09-24,2027-10-11,17 days,FY28,,,,,,,,,,,,CB MM LTP,missing join key (Function Location (Q))
D10T,MCORS,Ancillary,TBA,DZ018,Variation Opex - Corrosions/Repairs,2027-09-24,2027-10-11,17 days,FY28,,,,,,,,,,,,CB MM LTP,missing join key (Function Location (Q))
D10T,MCORS,Ancillary,TBA,DZ018,Capex Variation - Cab Overhaul (if applicable),2027-09-24,2027-10-11,17 days,FY28,,,,,,,,,,,,CB MM LTP,missing join key (Function Location (Q))
D10T,MCORS,Ancillary,TBA,DZ018,MCORS Site Labour Recovery - D10T,2027-09-24,2027-10-11,17 days,FY28,,,,,,,,,,,,CB MM LTP,missing join key (Function Location (Q))
D10T,MCORS,Ancillary,TBA,DZ018,Transport & Unload,2027-10-12,2027-10-14,2 days,FY28,,,,,,,,,,,,CB MM LTP,missing join key (Function Location (Q))
D10T,MCORS,Ancillary,TBA,DZ018,Recommissioning,2027-10-15,2027-10-16,1 day,FY28,,,,,,,,,,,,CB MM LTP,missing join key (Function Location (Q))
D10T2,MCORS,Ancillary,TBA,DZ8223,DZ8223 - MCORS (EOL - 01/2036),2027-09-25,2027-10-21,26 days,FY28,,,,,,,,,,,,CB MM LTP,missing join key (Function Location (Q))
D10T2,MCORS,Ancillary,TBA,DZ8223,Decommissioning,2027-09-25,2027-09-25,0.5 days,FY28,,,,,,,,,,,,CB MM LTP,missing join key (Function Location (Q))
D10T2,MCORS,Ancillary,TBA,DZ8223,Load & Transport,2027-09-26,2027-09-28,2 days,FY28,,,,,,,,,,,,CB MM LTP,missing join key (Function Location (Q))
D10T2,MCORS,Ancillary,TBA,DZ8223,DZ8223 - Baseline Scope,2027-09-29,2027-10-16,17 days,FY28,,,,,,,,,,,,CB MM LTP,missing join key (Function Location (Q))
D10T2,MCORS,Ancillary,TBA,DZ8223,MCORS Transport,2027-09-29,2027-10-16,17 days,FY28,,,,,,,,,,,,CB MM LTP,missing join key (Function Location (Q))
D10T2,MCORS,Ancillary,TBA,DZ8223,Opex Variation,2027-09-29,2027-10-16,17 days,FY28,,,,,,,,,,,,CB MM LTP,missing join key (Function Location (Q))
D10T2,MCORS,Ancillary,TBA,DZ8223,Capex Variation,2027-09-29,2027-10-16,17 days,FY28,,,,,,,,,,,,CB MM LTP,missing join key (Function Location (Q))
D10T2,MCORS,Ancillary,TBA,DZ8223,Additional Baseline Opex Ancillary Fleet,2027-09-29,2027-10-16,17 days,FY28,,,,,,,,,,,,CB MM LTP,missing join key (Function Location (Q))
D10T2,MCORS,Ancillary,TBA,DZ8223,Additional Baseline Capex Ancillary Fleet,2027-09-29,2027-10-16,17 days,FY28,,,,,,,,,,,,CB MM LTP,missing join key (Function Location (Q))
D10T2,MCORS,Ancillary,TBA,DZ8223,Minor Hosing Opex,2027-09-29,2027-10-16,17 days,FY28,,,,,,,,,,,,CB MM LTP,missing join key (Function Location (Q))
D10T2,MCORS,Ancillary,TBA,DZ8223,Major Hosing Price Variances - Capex,2027-09-29,2027-10-16,17 days,FY28,,,,,,,,,,,,CB MM LTP,missing join key (Function Location (Q))
D10T2,MCORS,Ancillary,TBA,DZ8223,Baseline Harness (Not on strategy) Capex,2027-09-29,2027-10-16,17 days,FY28,,,,,,,,,,,,CB MM LTP,missing join key (Function Location (Q))
D10T2,MCORS,Ancillary,TBA,DZ8223,Variation Opex - Corrosions/Repairs,2027-09-29,2027-10-16,17 days,FY28,,,,,,,,,,,,CB MM LTP,missing join key (Function Location (Q))
D10T2,MCORS,Ancillary,TBA,DZ8223,Capex Variation - Cab Overhaul (if applicable),2027-09-29,2027-10-16,17 days,FY28,,,,,,,,,,,,CB MM LTP,missing join key (Function Location (Q))
D10T2,MCORS,Ancillary,TBA,DZ8223,MCORS Site Labour Recovery - D10T,2027-09-29,2027-10-16,17 days,FY28,,,,,,,,,,,,CB MM LTP,missing join key (Function Location (Q))
D10T2,MCORS,Ancillary,TBA,DZ8223,Transport & Unload,2027-10-17,2027-10-19,2 days,FY28,,,,,,,,,,,,CB MM LTP,missing join key (Function Location (Q))
D10T2,MCORS,Ancillary,TBA,DZ8223,Recommissioning,2027-10-20,2027-10-21,1 day,FY28,,,,,,,,,,,,CB MM LTP,missing join key (Function Location (Q))
D11T,MCORS,Ancillary,TBA,DZX021,DZX021 - MCORS (EOL - 05/2024),2027-10-09,2027-11-04,26 days,FY28,,,,,,,,,,,,CB MM LTP,missing join key (Function Location (Q))
D11T,MCORS,Ancillary,TBA,DZX021,Decommissioning,2027-10-09,2027-10-09,0.5 days,FY28,,,,,,,,,,,,CB MM LTP,missing join key (Function Location (Q))
D11T,MCORS,Ancillary,TBA,DZX021,Load & Transport,2027-10-10,2027-10-12,2 days,FY28,,,,,,,,,,,,CB MM LTP,missing join key (Function Location (Q))
D11T,MCORS,Ancillary,TBA,DZX021,DZX021 - Baseline Scope,2027-10-13,2027-10-30,17 days,FY28,,,,,,,,,,,,CB MM LTP,missing join key (Function Location (Q))
D11T,MCORS,Ancillary,TBA,DZX021,MCORS Transport,2027-10-13,2027-10-30,17 days,FY28,,,,,,,,,,,,CB MM LTP,missing join key (Function Location (Q))
D11T,MCORS,Ancillary,TBA,DZX021,Opex Variation,2027-10-13,2027-10-30,17 days,FY28,,,,,,,,,,,,CB MM LTP,missing join key (Function Location (Q))
D11T,MCORS,Ancillary,TBA,DZX021,Capex Variation,2027-10-13,2027-10-30,17 days,FY28,,,,,,,,,,,,CB MM LTP,missing join key (Function Location (Q))
D11T,MCORS,Ancillary,TBA,DZX021,Additional Baseline Opex Ancillary Fleet,2027-10-13,2027-10-30,17 days,FY28,,,,,,,,,,,,CB MM LTP,missing join key (Function Location (Q))
D11T,MCORS,Ancillary,TBA,DZX021,Additional Baseline Capex Ancillary Fleet,2027-10-13,2027-10-30,17 days,FY28,,,,,,,,,,,,CB MM LTP,missing join key (Function Location (Q))
D11T,MCORS,Ancillary,TBA,DZX021,Minor Hosing Opex,2027-10-13,2027-10-30,17 days,FY28,,,,,,,,,,,,CB MM LTP,missing join key (Function Location (Q))
D11T,MCORS,Ancillary,TBA,DZX021,Major Hosing Price Variances - Capex,2027-10-13,2027-10-30,17 days,FY28,,,,,,,,,,,,CB MM LTP,missing join key (Function Location (Q))
D11T,MCORS,Ancillary,TBA,DZX021,Baseline Harness (Not on strategy) Capex,2027-10-13,2027-10-30,17 days,FY28,,,,,,,,,,,,CB MM LTP,missing join key (Function Location (Q))
D11T,MCORS,Ancillary,TBA,DZX021,Variation Opex - Corrosions/Repairs,2027-10-13,2027-10-30,17 days,FY28,,,,,,,,,,,,CB MM LTP,missing join key (Function Location (Q))
D11T,MCORS,Ancillary,TBA,DZX021,Capex Variation - Cab Overhaul (if applicable),2027-10-13,2027-10-30,17 days,FY28,,,,,,,,,,,,CB MM LTP,missing join key (Function Location (Q))
D11T,MCORS,Ancillary,TBA,DZX021,MCORS Site Labour Recovery - D11T,2027-10-13,2027-10-30,17 days,FY28,,,,,,,,,,,,CB MM LTP,missing join key (Function Location (Q))
D11T,MCORS,Ancillary,TBA,DZX021,Transport & Unload,2027-10-31,2027-11-02,2 days,FY28,,,,,,,,,,,,CB MM LTP,missing join key (Function Location (Q))
D11T,MCORS,Ancillary,TBA,DZX021,Recommissioning,2027-11-03,2027-11-04,1 day,FY28,,,,,,,,,,,,CB MM LTP,missing join key (Function Location (Q))
D10T2,MCORS,Ancillary,TBA,DZ8224,DZ8224 - MCORS (EOL - 12/2035),2027-11-13,2027-12-09,26 days,FY28,,,,,,,,,,,,CB MM LTP,missing join key (Function Location (Q))
D10T2,MCORS,Ancillary,TBA,DZ8224,Decommissioning,2027-11-13,2027-11-13,0.5 days,FY28,,,,,,,,,,,,CB MM LTP,missing join key (Function Location (Q))
D10T2,MCORS,Ancillary,TBA,DZ8224,Load & Transport,2027-11-14,2027-11-16,2 days,FY28,,,,,,,,,,,,CB MM LTP,missing join key (Function Location (Q))
D10T2,MCORS,Ancillary,TBA,DZ8224,DZ8224 - Baseline Scope,2027-11-17,2027-12-04,17 days,FY28,,,,,,,,,,,,CB MM LTP,missing join key (Function Location (Q))
D10T2,MCORS,Ancillary,TBA,DZ8224,MCORS Transport,2027-11-17,2027-12-04,17 days,FY28,,,,,,,,,,,,CB MM LTP,missing join key (Function Location (Q))
D10T2,MCORS,Ancillary,TBA,DZ8224,Opex Variation,2027-11-17,2027-12-04,17 days,FY28,,,,,,,,,,,,CB MM LTP,missing join key (Function Location (Q))
D10T2,MCORS,Ancillary,TBA,DZ8224,Capex Variation,2027-11-17,2027-12-04,17 days,FY28,,,,,,,,,,,,CB MM LTP,missing join key (Function Location (Q))
D10T2,MCORS,Ancillary,TBA,DZ8224,Additional Baseline Opex Ancillary Fleet,2027-11-17,2027-12-04,17 days,FY28,,,,,,,,,,,,CB MM LTP,missing join key (Function Location (Q))
D10T2,MCORS,Ancillary,TBA,DZ8224,Additional Baseline Capex Ancillary Fleet,2027-11-17,2027-12-04,17 days,FY28,,,,,,,,,,,,CB MM LTP,missing join key (Function Location (Q))
D10T2,MCORS,Ancillary,TBA,DZ8224,Minor Hosing Opex,2027-11-17,2027-12-04,17 days,FY28,,,,,,,,,,,,CB MM LTP,missing join key (Function Location (Q))
D10T2,MCORS,Ancillary,TBA,DZ8224,Major Hosing Price Variances - Capex,2027-11-17,2027-12-04,17 days,FY28,,,,,,,,,,,,CB MM LTP,missing join key (Function Location (Q))
D10T2,MCORS,Ancillary,TBA,DZ8224,Baseline Harness (Not on strategy) Capex,2027-11-17,2027-12-04,17 days,FY28,,,,,,,,,,,,CB MM LTP,missing join key (Function Location (Q))
D10T2,MCORS,Ancillary,TBA,DZ8224,Variation Opex - Corrosions/Repairs,2027-11-17,2027-12-04,17 days,FY28,,,,,,,,,,,,CB MM LTP,missing join key (Function Location (Q))
D10T2,MCORS,Ancillary,TBA,DZ8224,Capex Variation - Cab Overhaul (if applicable),2027-11-17,2027-12-04,17 days,FY28,,,,,,,,,,,,CB MM LTP,missing join key (Function Location (Q))
D10T2,MCORS,Ancillary,TBA,DZ8224,MCORS Site Labour Recovery - D10T,2027-11-17,2027-12-04,17 days,FY28,,,,,,,,,,,,CB MM LTP,missing join key (Function Location (Q))
D10T2,MCORS,Ancillary,TBA,DZ8224,Transport & Unload,2027-12-05,2027-12-07,2 days,FY28,,,,,,,,,,,,CB MM LTP,missing join key (Function Location (Q))
D10T2,MCORS,Ancillary,TBA,DZ8224,Recommissioning,2027-12-08,2027-12-09,1 day,FY28,,,,,,,,,,,,CB MM LTP,missing join key (Function Location (Q))
854K,MCORS,Ancillary,TBA,WD004,WD004 - MCORS (EOL - 02/2029),2028-01-02,2028-02-08,37 days,FY28,,,,,,,,,,,,CB MM LTP,missing join key (Function Location (Q))
854K,MCORS,Ancillary,TBA,WD004,Decommissioning,2028-01-02,2028-01-02,0.5 days,FY28,,,,,,,,,,,,CB MM LTP,missing join key (Function Location (Q))
854K,MCORS,Ancillary,TBA,WD004,Transport & Load,2028-01-03,2028-01-05,2 days,FY28,,,,,,,,,,,,CB MM LTP,missing join key (Function Location (Q))
854K,MCORS,Ancillary,TBA,WD004,WD004 Baseline Scope,2028-01-06,2028-02-03,28 days,FY28,,,,,,,,,,,,CB MM LTP,missing join key (Function Location (Q))
854K,MCORS,Ancillary,TBA,WD004,MCORS Transport,2028-01-06,2028-02-03,28 days,FY28,,,,,,,,,,,,CB MM LTP,missing join key (Function Location (Q))
854K,MCORS,Ancillary,TBA,WD004,Opex Variation,2028-01-06,2028-02-03,28 days,FY28,,,,,,,,,,,,CB MM LTP,missing join key (Function Location (Q))
854K,MCORS,Ancillary,TBA,WD004,Capex Variation,2028-01-06,2028-02-03,28 days,FY28,,,,,,,,,,,,CB MM LTP,missing join key (Function Location (Q))
854K,MCORS,Ancillary,TBA,WD004,Additional Baseline Opex Ancillary Fleet,2028-01-06,2028-02-03,28 days,FY28,,,,,,,,,,,,CB MM LTP,missing join key (Function Location (Q))
854K,MCORS,Ancillary,TBA,WD004,Additional Baseline Capex Ancillary Fleet,2028-01-06,2028-02-03,28 days,FY28,,,,,,,,,,,,CB MM LTP,missing join key (Function Location (Q))
854K,MCORS,Ancillary,TBA,WD004,Minor Hosing Opex,2028-01-06,2028-02-03,28 days,FY28,,,,,,,,,,,,CB MM LTP,missing join key (Function Location (Q))
854K,MCORS,Ancillary,TBA,WD004,Major Hosing Price Variances - Capex,2028-01-06,2028-02-03,28 days,FY28,,,,,,,,,,,,CB MM LTP,missing join key (Function Location (Q))
854K,MCORS,Ancillary,TBA,WD004,Baseline Harness (Not on strategy) Capex,2028-01-06,2028-02-03,28 days,FY28,,,,,,,,,,,,CB MM LTP,missing join key (Function Location (Q))
854K,MCORS,Ancillary,TBA,WD004,Variation Opex - Corrosions/Repairs,2028-01-06,2028-02-03,28 days,FY28,,,,,,,,,,,,CB MM LTP,missing join key (Function Location (Q))
854K,MCORS,Ancillary,TBA,WD004,Capex Variation - Cab Overhaul (if applicable),2028-01-06,2028-02-03,28 days,FY28,,,,,,,,,,,,CB MM LTP,missing join key (Function Location (Q))
854K,MCORS,Ancillary,TBA,WD004,MCORS Site Labour Recovery - 854K,2028-01-06,2028-02-03,28 days,FY28,,,,,,,,,,,,CB MM LTP,missing join key (Function Location (Q))
854K,MCORS,Ancillary,TBA,WD004,Transport & Unload,2028-02-04,2028-02-06,2 days,FY28,,,,,,,,,,,,CB MM LTP,missing join key (Function Location (Q))
854K,MCORS,Ancillary,TBA,WD004,Recommissioning,2028-02-07,2028-02-08,1 day,FY28,,,,,,,,,,,,CB MM LTP,missing join key (Function Location (Q))
18,MCORS,Ancillary,TBA,GR6503,GR6503 - MCORS (EOL - 02/2033),2028-02-24,2028-03-20,25.5 days,FY28,,,,,,,,,,,,CB MM LTP,missing join key (Function Location (Q))
18,MCORS,Ancillary,TBA,GR6503,Decommissioning,2028-02-24,2028-02-24,0.5 days,FY28,,,,,,,,,,,,CB MM LTP,missing join key (Function Location (Q))
18,MCORS,Ancillary,TBA,GR6503,Load & Transport,2028-02-25,2028-02-27,2 days,FY28,,,,,,,,,,,,CB MM LTP,missing join key (Function Location (Q))
18,MCORS,Ancillary,TBA,GR6503,GR6503 - Baseline Scope,2028-02-28,2028-03-16,17 days,FY28,,,,,,,,,,,,CB MM LTP,missing join key (Function Location (Q))
18,MCORS,Ancillary,TBA,GR6503,MCORS Transport,2028-02-28,2028-03-16,17 days,FY28,,,,,,,,,,,,CB MM LTP,missing join key (Function Location (Q))
18,MCORS,Ancillary,TBA,GR6503,Opex Variation,2028-02-28,2028-03-16,17 days,FY28,,,,,,,,,,,,CB MM LTP,missing join key (Function Location (Q))
18,MCORS,Ancillary,TBA,GR6503,Capex Variation,2028-02-28,2028-03-16,17 days,FY28,,,,,,,,,,,,CB MM LTP,missing join key (Function Location (Q))
18,MCORS,Ancillary,TBA,GR6503,Additional Baseline Opex Ancillary Fleet,2028-02-28,2028-03-16,17 days,FY28,,,,,,,,,,,,CB MM LTP,missing join key (Function Location (Q))
18,MCORS,Ancillary,TBA,GR6503,Additional Baseline Capex Ancillary Fleet,2028-02-28,2028-03-16,17 days,FY28,,,,,,,,,,,,CB MM LTP,missing join key (Function Location (Q))
18,MCORS,Ancillary,TBA,GR6503,Minor Hosing Opex,2028-02-28,2028-03-16,17 days,FY28,,,,,,,,,,,,CB MM LTP,missing join key (Function Location (Q))
18,MCORS,Ancillary,TBA,GR6503,Major Hosing Price Variances - Capex,2028-02-28,2028-03-16,17 days,FY28,,,,,,,,,,,,CB MM LTP,missing join key (Function Location (Q))
18,MCORS,Ancillary,TBA,GR6503,MCORS Site Labour Recovery - 18,2028-02-28,2028-03-16,17 days,FY28,,,,,,,,,,,,CB MM LTP,missing join key (Function Location (Q))
18,MCORS,Ancillary,TBA,GR6503,Transport & Unload,2028-03-17,2028-03-19,2 days,FY28,,,,,,,,,,,,CB MM LTP,missing join key (Function Location (Q))
18,MCORS,Ancillary,TBA,GR6503,Recommissioning,2028-03-20,2028-03-20,0.5 days,FY28,,,,,,,,,,,,CB MM LTP,missing join key (Function Location (Q))
D11T,MCORS,Ancillary,TBA,DZX022,DZX022 - MCORS (EOL - 11/2024),2028-03-09,2028-04-04,26 days,FY28,,,,,,,,,,,,CB MM LTP,missing join key (Function Location (Q))
D11T,MCORS,Ancillary,TBA,DZX022,Decommissioning,2028-03-09,2028-03-09,0.5 days,FY28,,,,,,,,,,,,CB MM LTP,missing join key (Function Location (Q))
D11T,MCORS,Ancillary,TBA,DZX022,Load & Transport,2028-03-10,2028-03-12,2 days,FY28,,,,,,,,,,,,CB MM LTP,missing join key (Function Location (Q))
D11T,MCORS,Ancillary,TBA,DZX022,DZX022 - Baseline Scope,2028-03-13,2028-03-30,17 days,FY28,,,,,,,,,,,,CB MM LTP,missing join key (Function Location (Q))
D11T,MCORS,Ancillary,TBA,DZX022,MCORS Transport,2028-03-13,2028-03-30,17 days,FY28,,,,,,,,,,,,CB MM LTP,missing join key (Function Location (Q))
D11T,MCORS,Ancillary,TBA,DZX022,Opex Variation,2028-03-13,2028-03-30,17 days,FY28,,,,,,,,,,,,CB MM LTP,missing join key (Function Location (Q))
D11T,MCORS,Ancillary,TBA,DZX022,Capex Variation,2028-03-13,2028-03-30,17 days,FY28,,,,,,,,,,,,CB MM LTP,missing join key (Function Location (Q))
D11T,MCORS,Ancillary,TBA,DZX022,Additional Baseline Opex Ancillary Fleet,2028-03-13,2028-03-30,17 days,FY28,,,,,,,,,,,,CB MM LTP,missing join key (Function Location (Q))
D11T,MCORS,Ancillary,TBA,DZX022,Additional Baseline Capex Ancillary Fleet,2028-03-13,2028-03-30,17 days,FY28,,,,,,,,,,,,CB MM LTP,missing join key (Function Location (Q))
D11T,MCORS,Ancillary,TBA,DZX022,Minor Hosing Opex,2028-03-13,2028-03-30,17 days,FY28,,,,,,,,,,,,CB MM LTP,missing join key (Function Location (Q))
D11T,MCORS,Ancillary,TBA,DZX022,Major Hosing Price Variances - Capex,2028-03-13,2028-03-30,17 days,FY28,,,,,,,,,,,,CB MM LTP,missing join key (Function Location (Q))
D11T,MCORS,Ancillary,TBA,DZX022,Baseline Harness (Not on strategy) Capex,2028-03-13,2028-03-30,17 days,FY28,,,,,,,,,,,,CB MM LTP,missing join key (Function Location (Q))
D11T,MCORS,Ancillary,TBA,DZX022,Variation Opex - Corrosions/Repairs,2028-03-13,2028-03-30,17 days,FY28,,,,,,,,,,,,CB MM LTP,missing join key (Function Location (Q))
D11T,MCORS,Ancillary,TBA,DZX022,Capex Variation - Cab Overhaul (if applicable),2028-03-13,2028-03-30,17 days,FY28,,,,,,,,,,,,CB MM LTP,missing join key (Function Location (Q))
D11T,MCORS,Ancillary,TBA,DZX022,MCORS Site Labour Recovery - D11T,2028-03-13,2028-03-30,17 days,FY28,,,,,,,,,,,,CB MM LTP,missing join key (Function Location (Q))
D11T,MCORS,Ancillary,TBA,DZX022,Transport & Unload,2028-03-31,2028-04-02,2 days,FY28,,,,,,,,,,,,CB MM LTP,missing join key (Function Location (Q))
D11T,MCORS,Ancillary,TBA,DZX022,Recommissioning,2028-04-03,2028-04-04,1 day,FY28,,,,,,,,,,,,CB MM LTP,missing join key (Function Location (Q))
D10T,MCORS,Ancillary,TBA,DZ017,DZ017 - MCORS (EOL - 12/2026),2028-04-12,2028-05-08,26 days,FY28,,,,,,,,,,,,CB MM LTP,missing join key (Function Location (Q))
D10T,MCORS,Ancillary,TBA,DZ017,Decommissioning,2028-04-12,2028-04-12,0.5 days,FY28,,,,,,,,,,,,CB MM LTP,missing join key (Function Location (Q))
D10T,MCORS,Ancillary,TBA,DZ017,Load & Transport,2028-04-13,2028-04-15,2 days,FY28,,,,,,,,,,,,CB MM LTP,missing join key (Function Location (Q))
D10T,MCORS,Ancillary,TBA,DZ017,DZ017 - Baseline Scope,2028-04-16,2028-05-03,17 days,FY28,,,,,,,,,,,,CB MM LTP,missing join key (Function Location (Q))
D10T,MCORS,Ancillary,TBA,DZ017,MCORS Transport,2028-04-16,2028-05-03,17 days,FY28,,,,,,,,,,,,CB MM LTP,missing join key (Function Location (Q))
D10T,MCORS,Ancillary,TBA,DZ017,Opex Variation,2028-04-16,2028-05-03,17 days,FY28,,,,,,,,,,,,CB MM LTP,missing join key (Function Location (Q))
D10T,MCORS,Ancillary,TBA,DZ017,Capex Variation,2028-04-16,2028-05-03,17 days,FY28,,,,,,,,,,,,CB MM LTP,missing join key (Function Location (Q))
D10T,MCORS,Ancillary,TBA,DZ017,Additional Baseline Opex Ancillary Fleet,2028-04-16,2028-05-03,17 days,FY28,,,,,,,,,,,,CB MM LTP,missing join key (Function Location (Q))
D10T,MCORS,Ancillary,TBA,DZ017,Additional Baseline Capex Ancillary Fleet,2028-04-16,2028-05-03,17 days,FY28,,,,,,,,,,,,CB MM LTP,missing join key (Function Location (Q))
D10T,MCORS,Ancillary,TBA,DZ017,Minor Hosing Opex,2028-04-16,2028-05-03,17 days,FY28,,,,,,,,,,,,CB MM LTP,missing join key (Function Location (Q))
D10T,MCORS,Ancillary,TBA,DZ017,Major Hosing Price Variances - Capex,2028-04-16,2028-05-03,17 days,FY28,,,,,,,,,,,,CB MM LTP,missing join key (Function Location (Q))
D10T,MCORS,Ancillary,TBA,DZ017,Baseline Harness (Not on strategy) Capex,2028-04-16,2028-05-03,17 days,FY28,,,,,,,,,,,,CB MM LTP,missing join key (Function Location (Q))
D10T,MCORS,Ancillary,TBA,DZ017,Variation Opex - Corrosions/Repairs,2028-04-16,2028-05-03,17 days,FY28,,,,,,,,,,,,CB MM LTP,missing join key (Function Location (Q))
D10T,MCORS,Ancillary,TBA,DZ017,Capex Variation - Cab Overhaul (if applicable),2028-04-16,2028-05-03,17 days,FY28,,,,,,,,,,,,CB MM LTP,missing join key (Function Location (Q))
D10T,MCORS,Ancillary,TBA,DZ017,MCORS Site Labour Recovery - D10T,2028-04-16,2028-05-03,17 days,FY28,,,,,,,,,,,,CB MM LTP,missing join key (Function Location (Q))
D10T,MCORS,Ancillary,TBA,DZ017,Transport & Unload,2028-05-04,2028-05-06,2 days,FY28,,,,,,,,,,,,CB MM LTP,missing join key (Function Location (Q))
D10T,MCORS,Ancillary,TBA,DZ017,Recommissioning,2028-05-07,2028-05-08,1 day,FY28,,,,,,,,,,,,CB MM LTP,missing join key (Function Location (Q))
18,MCORS,Ancillary,TBA,GR6504,GR6504 - MCORS (EOL - 03/2033),2028-05-07,2028-06-01,25.5 days,FY28,,,,,,,,,,,,CB MM LTP,missing join key (Function Location (Q))
18,MCORS,Ancillary,TBA,GR6504,Decommissioning,2028-05-07,2028-05-07,0.5 days,FY28,,,,,,,,,,,,CB MM LTP,missing join key (Function Location (Q))
18,MCORS,Ancillary,TBA,GR6504,Load & Transport,2028-05-08,2028-05-10,2 days,FY28,,,,,,,,,,,,CB MM LTP,missing join key (Function Location (Q))
18,MCORS,Ancillary,TBA,GR6504,GR6504 - Baseline Scope,2028-05-11,2028-05-28,17 days,FY28,,,,,,,,,,,,CB MM LTP,missing join key (Function Location (Q))
18,MCORS,Ancillary,TBA,GR6504,MCORS Transport,2028-05-11,2028-05-28,17 days,FY28,,,,,,,,,,,,CB MM LTP,missing join key (Function Location (Q))
18,MCORS,Ancillary,TBA,GR6504,Opex Variation,2028-05-11,2028-05-28,17 days,FY28,,,,,,,,,,,,CB MM LTP,missing join key (Function Location (Q))
18,MCORS,Ancillary,TBA,GR6504,Capex Variation,2028-05-11,2028-05-28,17 days,FY28,,,,,,,,,,,,CB MM LTP,missing join key (Function Location (Q))
18,MCORS,Ancillary,TBA,GR6504,Additional Baseline Opex Ancillary Fleet,2028-05-11,2028-05-28,17 days,FY28,,,,,,,,,,,,CB MM LTP,missing join key (Function Location (Q))
18,MCORS,Ancillary,TBA,GR6504,Additional Baseline Capex Ancillary Fleet,2028-05-11,2028-05-28,17 days,FY28,,,,,,,,,,,,CB MM LTP,missing join key (Function Location (Q))
18,MCORS,Ancillary,TBA,GR6504,Minor Hosing Opex,2028-05-11,2028-05-28,17 days,FY28,,,,,,,,,,,,CB MM LTP,missing join key (Function Location (Q))
18,MCORS,Ancillary,TBA,GR6504,Major Hosing Price Variances - Capex,2028-05-11,2028-05-28,17 days,FY28,,,,,,,,,,,,CB MM LTP,missing join key (Function Location (Q))
18,MCORS,Ancillary,TBA,GR6504,MCORS Site Labour Recovery - 18,2028-05-11,2028-05-28,17 days,FY28,,,,,,,,,,,,CB MM LTP,missing join key (Function Location (Q))
18,MCORS,Ancillary,TBA,GR6504,Transport & Unload,2028-05-29,2028-05-31,2 days,FY28,,,,,,,,,,,,CB MM LTP,missing join key (Function Location (Q))
18,MCORS,Ancillary,TBA,GR6504,Recommissioning,2028-06-01,2028-06-01,0.5 days,FY28,,,,,,,,,,,,CB MM LTP,missing join key (Function Location (Q))
D10T2,MCORS,Ancillary,TBA,DZ8225,DZ8225 - MCORS (EOL - 06/2036),2028-05-12,2028-06-07,26 days,FY28,,,,,,,,,,,,CB MM LTP,missing join key (Function Location (Q))
D10T2,MCORS,Ancillary,TBA,DZ8225,Decommissioning,2028-05-12,2028-05-12,0.5 days,FY28,,,,,,,,,,,,CB MM LTP,missing join key (Function Location (Q))
D10T2,MCORS,Ancillary,TBA,DZ8225,Load & Transport,2028-05-13,2028-05-15,2 days,FY28,,,,,,,,,,,,CB MM LTP,missing join key (Function Location (Q))
D10T2,MCORS,Ancillary,TBA,DZ8225,DZ8225 - Baseline Scope,2028-05-16,2028-06-02,17 days,FY28,,,,,,,,,,,,CB MM LTP,missing join key (Function Location (Q))
D10T2,MCORS,Ancillary,TBA,DZ8225,MCORS Transport,2028-05-16,2028-06-02,17 days,FY28,,,,,,,,,,,,CB MM LTP,missing join key (Function Location (Q))
D10T2,MCORS,Ancillary,TBA,DZ8225,Opex Variation,2028-05-16,2028-06-02,17 days,FY28,,,,,,,,,,,,CB MM LTP,missing join key (Function Location (Q))
D10T2,MCORS,Ancillary,TBA,DZ8225,Capex Variation,2028-05-16,2028-06-02,17 days,FY28,,,,,,,,,,,,CB MM LTP,missing join key (Function Location (Q))
D10T2,MCORS,Ancillary,TBA,DZ8225,Additional Baseline Opex Ancillary Fleet,2028-05-16,2028-06-02,17 days,FY28,,,,,,,,,,,,CB MM LTP,missing join key (Function Location (Q))
D10T2,MCORS,Ancillary,TBA,DZ8225,Additional Baseline Capex Ancillary Fleet,2028-05-16,2028-06-02,17 days,FY28,,,,,,,,,,,,CB MM LTP,missing join key (Function Location (Q))
D10T2,MCORS,Ancillary,TBA,DZ8225,Minor Hosing Opex,2028-05-16,2028-06-02,17 days,FY28,,,,,,,,,,,,CB MM LTP,missing join key (Function Location (Q))
D10T2,MCORS,Ancillary,TBA,DZ8225,Major Hosing Price Variances - Capex,2028-05-16,2028-06-02,17 days,FY28,,,,,,,,,,,,CB MM LTP,missing join key (Function Location (Q))
D10T2,MCORS,Ancillary,TBA,DZ8225,Baseline Harness (Not on strategy) Capex,2028-05-16,2028-06-02,17 days,FY28,,,,,,,,,,,,CB MM LTP,missing join key (Function Location (Q))
D10T2,MCORS,Ancillary,TBA,DZ8225,Variation Opex - Corrosions/Repairs,2028-05-16,2028-06-02,17 days,FY28,,,,,,,,,,,,CB MM LTP,missing join key (Function Location (Q))
D10T2,MCORS,Ancillary,TBA,DZ8225,Capex Variation - Cab Overhaul (if applicable),2028-05-16,2028-06-02,17 days,FY28,,,,,,,,,,,,CB MM LTP,missing join key (Function Location (Q))
D10T2,MCORS,Ancillary,TBA,DZ8225,MCORS Site Labour Recovery - D10T,2028-05-16,2028-06-02,17 days,FY28,,,,,,,,,,,,CB MM LTP,missing join key (Function Location (Q))
D10T2,MCORS,Ancillary,TBA,DZ8225,Transport & Unload,2028-06-03,2028-06-05,2 days,FY28,,,,,,,,,,,,CB MM LTP,missing join key (Function Location (Q))
D10T2,MCORS,Ancillary,TBA,DZ8225,Recommissioning,2028-06-06,2028-06-07,1 day,FY28,,,,,,,,,,,,CB MM LTP,missing join key (Function Location (Q))
18,MCORS,Ancillary,TBA,GR6501,GR6501 - MCORS (EOL - 02/2033),2028-05-21,2028-06-15,25.5 days,FY28,,,,,,,,,,,,CB MM LTP,missing join key (Function Location (Q))
18,MCORS,Ancillary,TBA,GR6501,Decommissioning,2028-05-21,2028-05-21,0.5 days,FY28,,,,,,,,,,,,CB MM LTP,missing join key (Function Location (Q))
18,MCORS,Ancillary,TBA,GR6501,Load & Transport,2028-05-22,2028-05-24,2 days,FY28,,,,,,,,,,,,CB MM LTP,missing join key (Function Location (Q))
18,MCORS,Ancillary,TBA,GR6501,GR6501 - Baseline Scope,2028-05-25,2028-06-11,17 days,FY28,,,,,,,,,,,,CB MM LTP,missing join key (Function Location (Q))
18,MCORS,Ancillary,TBA,GR6501,MCORS Transport,2028-05-25,2028-06-11,17 days,FY28,,,,,,,,,,,,CB MM LTP,missing join key (Function Location (Q))
18,MCORS,Ancillary,TBA,GR6501,Opex Variation,2028-05-25,2028-06-11,17 days,FY28,,,,,,,,,,,,CB MM LTP,missing join key (Function Location (Q))
18,MCORS,Ancillary,TBA,GR6501,Capex Variation,2028-05-25,2028-06-11,17 days,FY28,,,,,,,,,,,,CB MM LTP,missing join key (Function Location (Q))
18,MCORS,Ancillary,TBA,GR6501,Additional Baseline Opex Ancillary Fleet,2028-05-25,2028-06-11,17 days,FY28,,,,,,,,,,,,CB MM LTP,missing join key (Function Location (Q))
18,MCORS,Ancillary,TBA,GR6501,Additional Baseline Capex Ancillary Fleet,2028-05-25,2028-06-11,17 days,FY28,,,,,,,,,,,,CB MM LTP,missing join key (Function Location (Q))
18,MCORS,Ancillary,TBA,GR6501,Minor Hosing Opex,2028-05-25,2028-06-11,17 days,FY28,,,,,,,,,,,,CB MM LTP,missing join key (Function Location (Q))
18,MCORS,Ancillary,TBA,GR6501,Major Hosing Price Variances - Capex,2028-05-25,2028-06-11,17 days,FY28,,,,,,,,,,,,CB MM LTP,missing join key (Function Location (Q))
18,MCORS,Ancillary,TBA,GR6501,MCORS Site Labour Recovery - 18,2028-05-25,2028-06-11,17 days,FY28,,,,,,,,,,,,CB MM LTP,missing join key (Function Location (Q))
18,MCORS,Ancillary,TBA,GR6501,Transport & Unload,2028-06-12,2028-06-14,2 days,FY28,,,,,,,,,,,,CB MM LTP,missing join key (Function Location (Q))
18,MCORS,Ancillary,TBA,GR6501,Recommissioning,2028-06-15,2028-06-15,0.5 days,FY28,,,,,,,,,,,,CB MM LTP,missing join key (Function Location (Q))
18,MCORS,Ancillary,TBA,GR6505,GR6505 - MCORS (EOL - 03/2033),2028-06-04,2028-06-29,25.5 days,FY28,,,,,,,,,,,,CB MM LTP,missing join key (Function Location (Q))
18,MCORS,Ancillary,TBA,GR6505,Decommissioning,2028-06-04,2028-06-04,0.5 days,FY28,,,,,,,,,,,,CB MM LTP,missing join key (Function Location (Q))
18,MCORS,Ancillary,TBA,GR6505,Load & Transport,2028-06-05,2028-06-07,2 days,FY28,,,,,,,,,,,,CB MM LTP,missing join key (Function Location (Q))
18,MCORS,Ancillary,TBA,GR6505,GR6505 - Baseline Scope,2028-06-08,2028-06-25,17 days,FY28,,,,,,,,,,,,CB MM LTP,missing join key (Function Location (Q))
18,MCORS,Ancillary,TBA,GR6505,MCORS Transport,2028-06-08,2028-06-25,17 days,FY28,,,,,,,,,,,,CB MM LTP,missing join key (Function Location (Q))
18,MCORS,Ancillary,TBA,GR6505,Opex Variation,2028-06-08,2028-06-25,17 days,FY28,,,,,,,,,,,,CB MM LTP,missing join key (Function Location (Q))
18,MCORS,Ancillary,TBA,GR6505,Capex Variation,2028-06-08,2028-06-25,17 days,FY28,,,,,,,,,,,,CB MM LTP,missing join key (Function Location (Q))
18,MCORS,Ancillary,TBA,GR6505,Additional Baseline Opex Ancillary Fleet,2028-06-08,2028-06-25,17 days,FY28,,,,,,,,,,,,CB MM LTP,missing join key (Function Location (Q))
18,MCORS,Ancillary,TBA,GR6505,Additional Baseline Capex Ancillary Fleet,2028-06-08,2028-06-25,17 days,FY28,,,,,,,,,,,,CB MM LTP,missing join key (Function Location (Q))
18,MCORS,Ancillary,TBA,GR6505,Minor Hosing Opex,2028-06-08,2028-06-25,17 days,FY28,,,,,,,,,,,,CB MM LTP,missing join key (Function Location (Q))
18,MCORS,Ancillary,TBA,GR6505,Major Hosing Price Variances - Capex,2028-06-08,2028-06-25,17 days,FY28,,,,,,,,,,,,CB MM LTP,missing join key (Function Location (Q))
18,MCORS,Ancillary,TBA,GR6505,MCORS Site Labour Recovery - 18,2028-06-08,2028-06-25,17 days,FY28,,,,,,,,,,,,CB MM LTP,missing join key (Function Location (Q))
18,MCORS,Ancillary,TBA,GR6505,Transport & Unload,2028-06-26,2028-06-28,2 days,FY28,,,,,,,,,,,,CB MM LTP,missing join key (Function Location (Q))
18,MCORS,Ancillary,TBA,GR6505,Recommissioning,2028-06-29,2028-06-29,0.5 days,FY28,,,,,,,,,,,,CB MM LTP,missing join key (Function Location (Q))
,MCORS,Haul,Various,,HAUL,2027-07-01,2028-06-30,365 days,FY28,,,,,,,,,,,,CB MM LTP,missing join key (Function Location (Q))
789D,MCORS,Haul,TBA,DT194,DT194 - MCORS (EOL - 09/2029),2027-07-04,2027-08-18,45 days,FY28,,,,,,,,,,,,CB MM LTP,missing join key (Function Location (Q))
789D,MCORS,Haul,TBA,DT194,Decommissioning,2027-07-04,2027-07-06,2 days,FY28,,,,,,,,,,,,CB MM LTP,missing join key (Function Location (Q))
789D,MCORS,Haul,TBA,DT194,Load & Transport,2027-07-07,2027-07-10,3 days,FY28,,,,,,,,,,,,CB MM LTP,missing join key (Function Location (Q))
789D,MCORS,Haul,TBA,DT194,DT194 - Baseline Scope,2027-07-11,2027-08-09,29 days,FY28,,,,,,,,,,,,CB MM LTP,missing join key (Function Location (Q))
789D,MCORS,Haul,TBA,DT194,MCORS Transport,2027-07-11,2027-08-09,29 days,FY28,,,,,,,,,,,,CB MM LTP,missing join key (Function Location (Q))
789D,MCORS,Haul,TBA,DT194,Opex Variation,2027-07-11,2027-08-09,29 days,FY28,,,,,,,,,,,,CB MM LTP,missing join key (Function Location (Q))
789D,MCORS,Haul,TBA,DT194,Capex Variation,2027-07-11,2027-08-09,29 days,FY28,,,,,,,,,,,,CB MM LTP,missing join key (Function Location (Q))
789D,MCORS,Haul,TBA,DT194,Additional Baseline Opex Truck Fleet,2027-07-11,2027-08-09,29 days,FY28,,,,,,,,,,,,CB MM LTP,missing join key (Function Location (Q))
789D,MCORS,Haul,TBA,DT194,Additional Baseline Capex Truck Fleet,2027-07-11,2027-08-09,29 days,FY28,,,,,,,,,,,,CB MM LTP,missing join key (Function Location (Q))
789D,MCORS,Haul,TBA,DT194,Capex Variation - Steer Box (if applicable),2027-07-11,2027-08-09,29 days,FY28,,,,,,,,,,,,CB MM LTP,missing join key (Function Location (Q))
789D,MCORS,Haul,TBA,DT194,Minor Hosing Opex,2027-07-11,2027-08-09,29 days,FY28,,,,,,,,,,,,CB MM LTP,missing join key (Function Location (Q))
789D,MCORS,Haul,TBA,DT194,Baseline Harness (Not on strategy) Capex,2027-07-11,2027-08-09,29 days,FY28,,,,,,,,,,,,CB MM LTP,missing join key (Function Location (Q))
789D,MCORS,Haul,TBA,DT194,Variation Opex - Corrosions/Repairs,2027-07-11,2027-08-09,29 days,FY28,,,,,,,,,,,,CB MM LTP,missing join key (Function Location (Q))
789D,MCORS,Haul,TBA,DT194,MCORS Site Labour Recovery - 789D,2027-07-11,2027-08-09,29 days,FY28,,,,,,,,,,,,CB MM LTP,missing join key (Function Location (Q))
789D,MCORS,Haul,TBA,DT194,Transport & Unload,2027-08-10,2027-08-13,3 days,FY28,,,,,,,,,,,,CB MM LTP,missing join key (Function Location (Q))
789D,MCORS,Haul,TBA,DT194,Recommissioning,2027-08-14,2027-08-18,4 days,FY28,,,,,,,,,,,,CB MM LTP,missing join key (Function Location (Q))
789D,MCORS,Haul,TBA,DT199,DT199 - MCORS (EOL - 10/2029),2027-10-21,2027-12-05,45 days,FY28,,,,,,,,,,,,CB MM LTP,missing join key (Function Location (Q))
789D,MCORS,Haul,TBA,DT199,Decommissioning,2027-10-21,2027-10-23,2 days,FY28,,,,,,,,,,,,CB MM LTP,missing join key (Function Location (Q))
789D,MCORS,Haul,TBA,DT199,Load & Transport,2027-10-24,2027-10-27,3 days,FY28,,,,,,,,,,,,CB MM LTP,missing join key (Function Location (Q))
789D,MCORS,Haul,TBA,DT199,DT199 - Baseline Scope,2027-10-28,2027-11-26,29 days,FY28,,,,,,,,,,,,CB MM LTP,missing join key (Function Location (Q))
789D,MCORS,Haul,TBA,DT199,MCORS Transport,2027-10-28,2027-11-26,29 days,FY28,,,,,,,,,,,,CB MM LTP,missing join key (Function Location (Q))
789D,MCORS,Haul,TBA,DT199,Opex Variation,2027-10-28,2027-11-26,29 days,FY28,,,,,,,,,,,,CB MM LTP,missing join key (Function Location (Q))
789D,MCORS,Haul,TBA,DT199,Capex Variation,2027-10-28,2027-11-26,29 days,FY28,,,,,,,,,,,,CB MM LTP,missing join key (Function Location (Q))
789D,MCORS,Haul,TBA,DT199,Additional Baseline Opex Truck Fleet,2027-10-28,2027-11-26,29 days,FY28,,,,,,,,,,,,CB MM LTP,missing join key (Function Location (Q))
789D,MCORS,Haul,TBA,DT199,Additional Baseline Capex Truck Fleet,2027-10-28,2027-11-26,29 days,FY28,,,,,,,,,,,,CB MM LTP,missing join key (Function Location (Q))
789D,MCORS,Haul,TBA,DT199,Capex Variation - Steer Box (if applicable),2027-10-28,2027-11-26,29 days,FY28,,,,,,,,,,,,CB MM LTP,missing join key (Function Location (Q))
789D,MCORS,Haul,TBA,DT199,Minor Hosing Opex,2027-10-28,2027-11-26,29 days,FY28,,,,,,,,,,,,CB MM LTP,missing join key (Function Location (Q))
789D,MCORS,Haul,TBA,DT199,Baseline Harness (Not on strategy) Capex,2027-10-28,2027-11-26,29 days,FY28,,,,,,,,,,,,CB MM LTP,missing join key (Function Location (Q))
789D,MCORS,Haul,TBA,DT199,Variation Opex - Corrosions/Repairs,2027-10-28,2027-11-26,29 days,FY28,,,,,,,,,,,,CB MM LTP,missing join key (Function Location (Q))
789D,MCORS,Haul,TBA,DT199,MCORS Site Labour Recovery - 789D,2027-10-28,2027-11-26,29 days,FY28,,,,,,,,,,,,CB MM LTP,missing join key (Function Location (Q))
789D,MCORS,Haul,TBA,DT199,Transport & Unload,2027-11-27,2027-11-30,3 days,FY28,,,,,,,,,,,,CB MM LTP,missing join key (Function Location (Q))
789D,MCORS,Haul,TBA,DT199,Recommissioning,2027-12-01,2027-12-05,4 days,FY28,,,,,,,,,,,,CB MM LTP,missing join key (Function Location (Q))
789D,MCORS,Haul,TBA,DT164,DT164 - MCORS (EOL - 05/2030),2027-12-25,2028-02-08,45 days,FY28,,,,,,,,,,,,CB MM LTP,missing join key (Function Location (Q))
789D,MCORS,Haul,TBA,DT164,Decommissioning,2027-12-25,2027-12-27,2 days,FY28,,,,,,,,,,,,CB MM LTP,missing join key (Function Location (Q))
789D,MCORS,Haul,TBA,DT164,Transport & Unload,2027-12-28,2027-12-31,3 days,FY28,,,,,,,,,,,,CB MM LTP,missing join key (Function Location (Q))
789D,MCORS,Haul,TBA,DT164,DT164 - Baseline Scope,2028-01-01,2028-01-30,29 days,FY28,,,,,,,,,,,,CB MM LTP,missing join key (Function Location (Q))
789D,MCORS,Haul,TBA,DT164,MCORS Transport,2028-01-01,2028-01-30,29 days,FY28,,,,,,,,,,,,CB MM LTP,missing join key (Function Location (Q))
789D,MCORS,Haul,TBA,DT164,Opex Variation,2028-01-01,2028-01-30,29 days,FY28,,,,,,,,,,,,CB MM LTP,missing join key (Function Location (Q))
789D,MCORS,Haul,TBA,DT164,Capex Variation,2028-01-01,2028-01-30,29 days,FY28,,,,,,,,,,,,CB MM LTP,missing join key (Function Location (Q))
789D,MCORS,Haul,TBA,DT164,Additional Baseline Opex Truck Fleet,2028-01-01,2028-01-30,29 days,FY28,,,,,,,,,,,,CB MM LTP,missing join key (Function Location (Q))
789D,MCORS,Haul,TBA,DT164,Additional Baseline Capex Truck Fleet,2028-01-01,2028-01-30,29 days,FY28,,,,,,,,,,,,CB MM LTP,missing join key (Function Location (Q))
789D,MCORS,Haul,TBA,DT164,Capex Variation - Steer Box (if applicable),2028-01-01,2028-01-30,29 days,FY28,,,,,,,,,,,,CB MM LTP,missing join key (Function Location (Q))
789D,MCORS,Haul,TBA,DT164,Minor Hosing Opex,2028-01-01,2028-01-30,29 days,FY28,,,,,,,,,,,,CB MM LTP,missing join key (Function Location (Q))
789D,MCORS,Haul,TBA,DT164,Baseline Harness (Not on strategy) Capex,2028-01-01,2028-01-30,29 days,FY28,,,,,,,,,,,,CB MM LTP,missing join key (Function Location (Q))
789D,MCORS,Haul,TBA,DT164,Variation Opex - Corrosions/Repairs,2028-01-01,2028-01-30,29 days,FY28,,,,,,,,,,,,CB MM LTP,missing join key (Function Location (Q))
789D,MCORS,Haul,TBA,DT164,MCORS Site Labour Recovery - 789D,2028-01-01,2028-01-30,29 days,FY28,,,,,,,,,,,,CB MM LTP,missing join key (Function Location (Q))
789D,MCORS,Haul,TBA,DT164,Recommissioning,2028-01-31,2028-02-04,4 days,FY28,,,,,,,,,,,,CB MM LTP,missing join key (Function Location (Q))
789D,MCORS,Haul,TBA,DT164,Load & Transport,2028-02-05,2028-02-08,3 days,FY28,,,,,,,,,,,,CB MM LTP,missing join key (Function Location (Q))
789D,MCORS,Haul,TBA,DT181,DT181 - MCORS (EOL - 02/2030),2028-03-01,2028-04-15,45 days,FY28,,,,,,,,,,,,CB MM LTP,missing join key (Function Location (Q))
789D,MCORS,Haul,TBA,DT181,Decommissioning,2028-03-01,2028-03-03,2 days,FY28,,,,,,,,,,,,CB MM LTP,missing join key (Function Location (Q))
789D,MCORS,Haul,TBA,DT181,Load & Transport,2028-03-04,2028-03-07,3 days,FY28,,,,,,,,,,,,CB MM LTP,missing join key (Function Location (Q))
789D,MCORS,Haul,TBA,DT181,DT181 - Baseline Scope,2028-03-08,2028-04-06,29 days,FY28,,,,,,,,,,,,CB MM LTP,missing join key (Function Location (Q))
789D,MCORS,Haul,TBA,DT181,MCORS Transport,2028-03-08,2028-04-06,29 days,FY28,,,,,,,,,,,,CB MM LTP,missing join key (Function Location (Q))
789D,MCORS,Haul,TBA,DT181,Opex Variation,2028-03-08,2028-04-06,29 days,FY28,,,,,,,,,,,,CB MM LTP,missing join key (Function Location (Q))
789D,MCORS,Haul,TBA,DT181,Capex Variation,2028-03-08,2028-04-06,29 days,FY28,,,,,,,,,,,,CB MM LTP,missing join key (Function Location (Q))
789D,MCORS,Haul,TBA,DT181,Additional Baseline Opex Truck Fleet,2028-03-08,2028-04-06,29 days,FY28,,,,,,,,,,,,CB MM LTP,missing join key (Function Location (Q))
789D,MCORS,Haul,TBA,DT181,Additional Baseline Capex Truck Fleet,2028-03-08,2028-04-06,29 days,FY28,,,,,,,,,,,,CB MM LTP,missing join key (Function Location (Q))
789D,MCORS,Haul,TBA,DT181,Capex Variation - Steer Box (if applicable),2028-03-08,2028-04-06,29 days,FY28,,,,,,,,,,,,CB MM LTP,missing join key (Function Location (Q))
789D,MCORS,Haul,TBA,DT181,Minor Hosing Opex,2028-03-08,2028-04-06,29 days,FY28,,,,,,,,,,,,CB MM LTP,missing join key (Function Location (Q))
789D,MCORS,Haul,TBA,DT181,Baseline Harness (Not on strategy) Capex,2028-03-08,2028-04-06,29 days,FY28,,,,,,,,,,,,CB MM LTP,missing join key (Function Location (Q))
789D,MCORS,Haul,TBA,DT181,Variation Opex - Corrosions/Repairs,2028-03-08,2028-04-06,29 days,FY28,,,,,,,,,,,,CB MM LTP,missing join key (Function Location (Q))
789D,MCORS,Haul,TBA,DT181,MCORS Site Labour Recovery - 789D,2028-03-08,2028-04-06,29 days,FY28,,,,,,,,,,,,CB MM LTP,missing join key (Function Location (Q))
789D,MCORS,Haul,TBA,DT181,Transport & Unload,2028-04-07,2028-04-10,3 days,FY28,,,,,,,,,,,,CB MM LTP,missing join key (Function Location (Q))
789D,MCORS,Haul,TBA,DT181,Recommissioning,2028-04-11,2028-04-15,4 days,FY28,,,,,,,,,,,,CB MM LTP,missing join key (Function Location (Q))
789D,MCORS,Haul,TBA,DT184,DT184 - MCORS (EOL - 02/2030),2028-04-19,2028-06-03,45 days,FY28,,,,,,,,,,,,CB MM LTP,missing join key (Function Location (Q))
789D,MCORS,Haul,TBA,DT184,Decommissioning,2028-04-19,2028-04-21,2 days,FY28,,,,,,,,,,,,CB MM LTP,missing join key (Function Location (Q))
789D,MCORS,Haul,TBA,DT184,Load & Transport,2028-04-22,2028-04-25,3 days,FY28,,,,,,,,,,,,CB MM LTP,missing join key (Function Location (Q))
789D,MCORS,Haul,TBA,DT184,DT184 - Baseline Scope,2028-04-26,2028-05-25,29 days,FY28,,,,,,,,,,,,CB MM LTP,missing join key (Function Location (Q))
789D,MCORS,Haul,TBA,DT184,MCORS Transport,2028-04-26,2028-05-25,29 days,FY28,,,,,,,,,,,,CB MM LTP,missing join key (Function Location (Q))
789D,MCORS,Haul,TBA,DT184,Opex Variation,2028-04-26,2028-05-25,29 days,FY28,,,,,,,,,,,,CB MM LTP,missing join key (Function Location (Q))
789D,MCORS,Haul,TBA,DT184,Capex Variation,2028-04-26,2028-05-25,29 days,FY28,,,,,,,,,,,,CB MM LTP,missing join key (Function Location (Q))
789D,MCORS,Haul,TBA,DT184,Additional Baseline Opex Truck Fleet,2028-04-26,2028-05-25,29 days,FY28,,,,,,,,,,,,CB MM LTP,missing join key (Function Location (Q))
789D,MCORS,Haul,TBA,DT184,Additional Baseline Capex Truck Fleet,2028-04-26,2028-05-25,29 days,FY28,,,,,,,,,,,,CB MM LTP,missing join key (Function Location (Q))
789D,MCORS,Haul,TBA,DT184,Capex Variation - Steer Box (if applicable),2028-04-26,2028-05-25,29 days,FY28,,,,,,,,,,,,CB MM LTP,missing join key (Function Location (Q))
789D,MCORS,Haul,TBA,DT184,Minor Hosing Opex,2028-04-26,2028-05-25,29 days,FY28,,,,,,,,,,,,CB MM LTP,missing join key (Function Location (Q))
789D,MCORS,Haul,TBA,DT184,Baseline Harness (Not on strategy) Capex,2028-04-26,2028-05-25,29 days,FY28,,,,,,,,,,,,CB MM LTP,missing join key (Function Location (Q))
789D,MCORS,Haul,TBA,DT184,Variation Opex - Corrosions/Repairs,2028-04-26,2028-05-25,29 days,FY28,,,,,,,,,,,,CB MM LTP,missing join key (Function Location (Q))
789D,MCORS,Haul,TBA,DT184,MCORS Site Labour Recovery - 789D,2028-04-26,2028-05-25,29 days,FY28,,,,,,,,,,,,CB MM LTP,missing join key (Function Location (Q))
789D,MCORS,Haul,TBA,DT184,Transport & Unload,2028-05-26,2028-05-29,3 days,FY28,,,,,,,,,,,,CB MM LTP,missing join key (Function Location (Q))
789D,MCORS,Haul,TBA,DT184,Recommissioning,2028-05-30,2028-06-03,4 days,FY28,,,,,,,,,,,,CB MM LTP,missing join key (Function Location (Q))
789D,MCORS,Haul,TBA,DT165,DT165 - MCORS (EOL - 09/2030),2028-05-23,2028-07-07,45 days,FY28,,,,,,,,,,,,CB MM LTP,missing join key (Function Location (Q))
789D,MCORS,Haul,TBA,DT165,Decommissioning,2028-05-23,2028-05-25,2 days,FY28,,,,,,,,,,,,CB MM LTP,missing join key (Function Location (Q))
789D,MCORS,Haul,TBA,DT165,Load & Transport,2028-05-26,2028-05-29,3 days,FY28,,,,,,,,,,,,CB MM LTP,missing join key (Function Location (Q))
789D,MCORS,Haul,TBA,DT165,DT165 - Baseline Scope,2028-05-30,2028-06-28,29 days,FY28,,,,,,,,,,,,CB MM LTP,missing join key (Function Location (Q))
789D,MCORS,Haul,TBA,DT165,MCORS Transport,2028-05-30,2028-06-28,29 days,FY28,,,,,,,,,,,,CB MM LTP,missing join key (Function Location (Q))
789D,MCORS,Haul,TBA,DT165,Opex Variation,2028-05-30,2028-06-28,29 days,FY28,,,,,,,,,,,,CB MM LTP,missing join key (Function Location (Q))
789D,MCORS,Haul,TBA,DT165,Capex Variation,2028-05-30,2028-06-28,29 days,FY28,,,,,,,,,,,,CB MM LTP,missing join key (Function Location (Q))
789D,MCORS,Haul,TBA,DT165,Additional Baseline Opex Truck Fleet,2028-05-30,2028-06-28,29 days,FY28,,,,,,,,,,,,CB MM LTP,missing join key (Function Location (Q))
789D,MCORS,Haul,TBA,DT165,Additional Baseline Capex Truck Fleet,2028-05-30,2028-06-28,29 days,FY28,,,,,,,,,,,,CB MM LTP,missing join key (Function Location (Q))
789D,MCORS,Haul,TBA,DT165,Capex Variation - Steer Box (if applicable),2028-05-30,2028-06-28,29 days,FY28,,,,,,,,,,,,CB MM LTP,missing join key (Function Location (Q))
789D,MCORS,Haul,TBA,DT165,Minor Hosing Opex,2028-05-30,2028-06-28,29 days,FY28,,,,,,,,,,,,CB MM LTP,missing join key (Function Location (Q))
789D,MCORS,Haul,TBA,DT165,Baseline Harness (Not on strategy) Capex,2028-05-30,2028-06-28,29 days,FY28,,,,,,,,,,,,CB MM LTP,missing join key (Function Location (Q))
789D,MCORS,Haul,TBA,DT165,Variation Opex - Corrosions/Repairs,2028-05-30,2028-06-28,29 days,FY28,,,,,,,,,,,,CB MM LTP,missing join key (Function Location (Q))
789D,MCORS,Haul,TBA,DT165,MCORS Site Labour Recovery - 789D,2028-05-30,2028-06-28,29 days,FY28,,,,,,,,,,,,CB MM LTP,missing join key (Function Location (Q))
789D,MCORS,Haul,TBA,DT165,Transport & Unload,2028-06-29,2028-07-02,3 days,FY28,,,,,,,,,,,,CB MM LTP,missing join key (Function Location (Q))
789D,MCORS,Haul,TBA,DT165,Recommissioning,2028-07-03,2028-07-07,4 days,FY28,,,,,,,,,,,,CB MM LTP,missing join key (Function Location (Q))
,MCORS,,,,FY29 - MCORS,2028-07-01,2029-06-30,364 days,FY29,,,,,,,,,,,,CB MM LTP,missing join key (Function Location (Q))
,MCORS,Haul,Various,,HAUL,2028-07-01,2029-06-30,364 days,FY29,,,,,,,,,,,,CB MM LTP,missing join key (Function Location (Q))
777F,MCORS,Haul,TBA,SV019,SV019 - MCORS (EOL - 02/2033),2029-03-06,2029-04-17,42 days,FY29,,,,,,,,,,,,CB MM LTP,missing join key (Function Location (Q))
777F,MCORS,Haul,TBA,SV019,Decommissioning,2029-03-06,2029-03-08,2 days,FY29,,,,,,,,,,,,CB MM LTP,missing join key (Function Location (Q))
777F,MCORS,Haul,TBA,SV019,Load & Transport,2029-03-09,2029-03-12,3 days,FY29,,,,,,,,,,,,CB MM LTP,missing join key (Function Location (Q))
777F,MCORS,Haul,TBA,SV019,SV019 - Baseline Scope,2029-03-13,2029-04-07,25 days,FY29,,,,,,,,,,,,CB MM LTP,missing join key (Function Location (Q))
777F,MCORS,Haul,TBA,SV019,MCORS Transport,2029-03-13,2029-04-07,25 days,FY29,,,,,,,,,,,,CB MM LTP,missing join key (Function Location (Q))
777F,MCORS,Haul,TBA,SV019,Opex Variation,2029-03-13,2029-04-07,25 days,FY29,,,,,,,,,,,,CB MM LTP,missing join key (Function Location (Q))
777F,MCORS,Haul,TBA,SV019,Capex Variation,2029-03-13,2029-04-07,25 days,FY29,,,,,,,,,,,,CB MM LTP,missing join key (Function Location (Q))
777F,MCORS,Haul,TBA,SV019,Additional Baseline Opex Truck Fleet,2029-03-13,2029-04-07,25 days,FY29,,,,,,,,,,,,CB MM LTP,missing join key (Function Location (Q))
777F,MCORS,Haul,TBA,SV019,Additional Baseline Capex Truck Fleet,2029-03-13,2029-04-07,25 days,FY29,,,,,,,,,,,,CB MM LTP,missing join key (Function Location (Q))
777F,MCORS,Haul,TBA,SV019,Minor Hosing Opex,2029-03-13,2029-04-07,25 days,FY29,,,,,,,,,,,,CB MM LTP,missing join key (Function Location (Q))
777F,MCORS,Haul,TBA,SV019,Baseline Harness (Not on strategy) Capex,2029-03-13,2029-04-07,25 days,FY29,,,,,,,,,,,,CB MM LTP,missing join key (Function Location (Q))
777F,MCORS,Haul,TBA,SV019,Variation Opex - Corrosions/Repairs,2029-03-13,2029-04-07,25 days,FY29,,,,,,,,,,,,CB MM LTP,missing join key (Function Location (Q))
777F,MCORS,Haul,TBA,SV019,MCORS Site Labour Recovery - 777F,2029-03-13,2029-04-07,25 days,FY29,,,,,,,,,,,,CB MM LTP,missing join key (Function Location (Q))
777F,MCORS,Haul,TBA,SV019,MCORS SV Module Refurbishment Midlife CAPEX,2029-03-13,2029-04-07,25 days,FY29,,,,,,,,,,,,CB MM LTP,missing join key (Function Location (Q))
777F,MCORS,Haul,TBA,SV019,Transport & Unload,2029-04-08,2029-04-11,3 days,FY29,,,,,,,,,,,,CB MM LTP,missing join key (Function Location (Q))
777F,MCORS,Haul,TBA,SV019,Recommissioning,2029-04-12,2029-04-17,5 days,FY29,,,,,,,,,,,,CB MM LTP,missing join key (Function Location (Q))
777F,MCORS,Haul,TBA,SV020,SV020 - MCORS (EOL - 07/2034),2029-04-26,2029-06-07,42 days,FY29,,,,,,,,,,,,CB MM LTP,missing join key (Function Location (Q))
777F,MCORS,Haul,TBA,SV020,Decommissioning,2029-04-26,2029-04-28,2 days,FY29,,,,,,,,,,,,CB MM LTP,missing join key (Function Location (Q))
777F,MCORS,Haul,TBA,SV020,Load & Transport,2029-04-29,2029-05-02,3 days,FY29,,,,,,,,,,,,CB MM LTP,missing join key (Function Location (Q))
777F,MCORS,Haul,TBA,SV020,SV020 - Baseline Scope,2029-05-03,2029-05-28,25 days,FY29,,,,,,,,,,,,CB MM LTP,missing join key (Function Location (Q))
777F,MCORS,Haul,TBA,SV020,MCORS Transport,2029-05-03,2029-05-28,25 days,FY29,,,,,,,,,,,,CB MM LTP,missing join key (Function Location (Q))
777F,MCORS,Haul,TBA,SV020,Opex Variation,2029-05-03,2029-05-28,25 days,FY29,,,,,,,,,,,,CB MM LTP,missing join key (Function Location (Q))
777F,MCORS,Haul,TBA,SV020,Capex Variation,2029-05-03,2029-05-28,25 days,FY29,,,,,,,,,,,,CB MM LTP,missing join key (Function Location (Q))
777F,MCORS,Haul,TBA,SV020,Additional Baseline Opex Truck Fleet,2029-05-03,2029-05-28,25 days,FY29,,,,,,,,,,,,CB MM LTP,missing join key (Function Location (Q))
777F,MCORS,Haul,TBA,SV020,Additional Baseline Capex Truck Fleet,2029-05-03,2029-05-28,25 days,FY29,,,,,,,,,,,,CB MM LTP,missing join key (Function Location (Q))
777F,MCORS,Haul,TBA,SV020,Minor Hosing Opex,2029-05-03,2029-05-28,25 days,FY29,,,,,,,,,,,,CB MM LTP,missing join key (Function Location (Q))
777F,MCORS,Haul,TBA,SV020,Baseline Harness (Not on strategy) Capex,2029-05-03,2029-05-28,25 days,FY29,,,,,,,,,,,,CB MM LTP,missing join key (Function Location (Q))
777F,MCORS,Haul,TBA,SV020,Variation Opex - Corrosions/Repairs,2029-05-03,2029-05-28,25 days,FY29,,,,,,,,,,,,CB MM LTP,missing join key (Function Location (Q))
777F,MCORS,Haul,TBA,SV020,MCORS Site Labour Recovery - 777F,2029-05-03,2029-05-28,25 days,FY29,,,,,,,,,,,,CB MM LTP,missing join key (Function Location (Q))
777F,MCORS,Haul,TBA,SV020,MCORS SV Module Refurbishment Midlife CAPEX,2029-05-03,2029-05-28,25 days,FY29,,,,,,,,,,,,CB MM LTP,missing join key (Function Location (Q))
777F,MCORS,Haul,TBA,SV020,Transport & Unload,2029-05-29,2029-06-01,3 days,FY29,,,,,,,,,,,,CB MM LTP,missing join key (Function Location (Q))
777F,MCORS,Haul,TBA,SV020,Recommissioning,2029-06-02,2029-06-07,5 days,FY29,,,,,,,,,,,,CB MM LTP,missing join key (Function Location (Q))
,MCORS,Ancillary,Various,,ANCILLARY,2028-07-01,2029-06-30,364 days,FY29,,,,,,,,,,,,CB MM LTP,missing join key (Function Location (Q))
D11T,MCORS,Ancillary,TBA,DZX024,DZX024 - MCORS (EOL - 05/2025),2028-09-09,2028-10-05,26 days,FY29,,,,,,,,,,,,CB MM LTP,missing join key (Function Location (Q))
D11T,MCORS,Ancillary,TBA,DZX024,Decommissioning,2028-09-09,2028-09-09,0.5 days,FY29,,,,,,,,,,,,CB MM LTP,missing join key (Function Location (Q))
D11T,MCORS,Ancillary,TBA,DZX024,Load & Transport,2028-09-10,2028-09-12,2 days,FY29,,,,,,,,,,,,CB MM LTP,missing join key (Function Location (Q))
D11T,MCORS,Ancillary,TBA,DZX024,DZX024 - Baseline Scope,2028-09-13,2028-09-30,17 days,FY29,,,,,,,,,,,,CB MM LTP,missing join key (Function Location (Q))
D11T,MCORS,Ancillary,TBA,DZX024,MCORS Transport,2028-09-13,2028-09-30,17 days,FY29,,,,,,,,,,,,CB MM LTP,missing join key (Function Location (Q))
D11T,MCORS,Ancillary,TBA,DZX024,Opex Variation,2028-09-13,2028-09-30,17 days,FY29,,,,,,,,,,,,CB MM LTP,missing join key (Function Location (Q))
D11T,MCORS,Ancillary,TBA,DZX024,Capex Variation,2028-09-13,2028-09-30,17 days,FY29,,,,,,,,,,,,CB MM LTP,missing join key (Function Location (Q))
D11T,MCORS,Ancillary,TBA,DZX024,Additional Baseline Opex Ancillary Fleet,2028-09-13,2028-09-30,17 days,FY29,,,,,,,,,,,,CB MM LTP,missing join key (Function Location (Q))
D11T,MCORS,Ancillary,TBA,DZX024,Additional Baseline Capex Ancillary Fleet,2028-09-13,2028-09-30,17 days,FY29,,,,,,,,,,,,CB MM LTP,missing join key (Function Location (Q))
D11T,MCORS,Ancillary,TBA,DZX024,Minor Hosing Opex,2028-09-13,2028-09-30,17 days,FY29,,,,,,,,,,,,CB MM LTP,missing join key (Function Location (Q))
D11T,MCORS,Ancillary,TBA,DZX024,Major Hosing Price Variances - Capex,2028-09-13,2028-09-30,17 days,FY29,,,,,,,,,,,,CB MM LTP,missing join key (Function Location (Q))
D11T,MCORS,Ancillary,TBA,DZX024,Baseline Harness (Not on strategy) Capex,2028-09-13,2028-09-30,17 days,FY29,,,,,,,,,,,,CB MM LTP,missing join key (Function Location (Q))
D11T,MCORS,Ancillary,TBA,DZX024,Variation Opex - Corrosions/Repairs,2028-09-13,2028-09-30,17 days,FY29,,,,,,,,,,,,CB MM LTP,missing join key (Function Location (Q))
D11T,MCORS,Ancillary,TBA,DZX024,Capex Variation - Cab Overhaul (if applicable),2028-09-13,2028-09-30,17 days,FY29,,,,,,,,,,,,CB MM LTP,missing join key (Function Location (Q))
D11T,MCORS,Ancillary,TBA,DZX024,MCORS Site Labour Recovery - D11T,2028-09-13,2028-09-30,17 days,FY29,,,,,,,,,,,,CB MM LTP,missing join key (Function Location (Q))
D11T,MCORS,Ancillary,TBA,DZX024,Transport & Unload,2028-10-01,2028-10-03,2 days,FY29,,,,,,,,,,,,CB MM LTP,missing join key (Function Location (Q))
D11T,MCORS,Ancillary,TBA,DZX024,Recommissioning,2028-10-04,2028-10-05,1 day,FY29,,,,,,,,,,,,CB MM LTP,missing join key (Function Location (Q))
993K,MCORS,Ancillary,TBA,WL6103,WL6103 - MCORS (EOL - 02/2035),2028-09-10,2028-10-26,46 days,FY29,,,,,,,,,,,,CB MM LTP,missing join key (Function Location (Q))
993K,MCORS,Ancillary,TBA,WL6103,Decommissioning,2028-09-10,2028-09-11,1 day,FY29,,,,,,,,,,,,CB MM LTP,missing join key (Function Location (Q))
993K,MCORS,Ancillary,TBA,WL6103,Load & Transport,2028-09-12,2028-09-15,3 days,FY29,,,,,,,,,,,,CB MM LTP,missing join key (Function Location (Q))
993K,MCORS,Ancillary,TBA,WL6103,WL6103 - Baseline Scope,2028-09-16,2028-10-18,32 days,FY29,,,,,,,,,,,,CB MM LTP,missing join key (Function Location (Q))
993K,MCORS,Ancillary,TBA,WL6103,MCORS Transport,2028-09-16,2028-10-18,32 days,FY29,,,,,,,,,,,,CB MM LTP,missing join key (Function Location (Q))
993K,MCORS,Ancillary,TBA,WL6103,Opex Variation,2028-09-16,2028-10-18,32 days,FY29,,,,,,,,,,,,CB MM LTP,missing join key (Function Location (Q))
993K,MCORS,Ancillary,TBA,WL6103,Capex Variation,2028-09-16,2028-10-18,32 days,FY29,,,,,,,,,,,,CB MM LTP,missing join key (Function Location (Q))
993K,MCORS,Ancillary,TBA,WL6103,Additional Baseline Opex Ancillary Fleet,2028-09-16,2028-10-18,32 days,FY29,,,,,,,,,,,,CB MM LTP,missing join key (Function Location (Q))
993K,MCORS,Ancillary,TBA,WL6103,Additional Baseline Capex Ancillary Fleet,2028-09-16,2028-10-18,32 days,FY29,,,,,,,,,,,,CB MM LTP,missing join key (Function Location (Q))
993K,MCORS,Ancillary,TBA,WL6103,Major Hosing Price Variances - Capex,2028-09-16,2028-10-18,32 days,FY29,,,,,,,,,,,,CB MM LTP,missing join key (Function Location (Q))
993K,MCORS,Ancillary,TBA,WL6103,Variation Opex - Corrosions/Repairs,2028-09-16,2028-10-18,32 days,FY29,,,,,,,,,,,,CB MM LTP,missing join key (Function Location (Q))
993K,MCORS,Ancillary,TBA,WL6103,Capex Variation - Cab Overhaul (if applicable),2028-09-16,2028-10-18,32 days,FY29,,,,,,,,,,,,CB MM LTP,missing join key (Function Location (Q))
993K,MCORS,Ancillary,TBA,WL6103,MCORS Site Labour Recovery - 994H,2028-09-16,2028-10-18,32 days,FY29,,,,,,,,,,,,CB MM LTP,missing join key (Function Location (Q))
993K,MCORS,Ancillary,TBA,WL6103,Transport & Unload,2028-10-19,2028-10-22,3 days,FY29,,,,,,,,,,,,CB MM LTP,missing join key (Function Location (Q))
993K,MCORS,Ancillary,TBA,WL6103,Recommissioning,2028-10-23,2028-10-26,3 days,FY29,,,,,,,,,,,,CB MM LTP,missing join key (Function Location (Q))
24M,MCORS,Ancillary,TBA,GR021,GR021 - MCORS (EOL - 08/2023),2028-09-29,2028-10-28,29.5 days,FY29,,,,,,,,,,,,CB MM LTP,missing join key (Function Location (Q))
24M,MCORS,Ancillary,TBA,GR021,Decommissioning,2028-09-29,2028-09-29,0.5 days,FY29,,,,,,,,,,,,CB MM LTP,missing join key (Function Location (Q))
24M,MCORS,Ancillary,TBA,GR021,Load & Transport,2028-09-30,2028-10-02,2 days,FY29,,,,,,,,,,,,CB MM LTP,missing join key (Function Location (Q))
24M,MCORS,Ancillary,TBA,GR021,GR021 - Baseline Scope,2028-10-03,2028-10-24,21 days,FY29,,,,,,,,,,,,CB MM LTP,missing join key (Function Location (Q))
24M,MCORS,Ancillary,TBA,GR021,MCORS Transport,2028-10-03,2028-10-24,21 days,FY29,,,,,,,,,,,,CB MM LTP,missing join key (Function Location (Q))
24M,MCORS,Ancillary,TBA,GR021,Opex Variation,2028-10-03,2028-10-24,21 days,FY29,,,,,,,,,,,,CB MM LTP,missing join key (Function Location (Q))
24M,MCORS,Ancillary,TBA,GR021,Capex Variation,2028-10-03,2028-10-24,21 days,FY29,,,,,,,,,,,,CB MM LTP,missing join key (Function Location (Q))
24M,MCORS,Ancillary,TBA,GR021,Additional Baseline Opex Ancillary Fleet,2028-10-03,2028-10-24,21 days,FY29,,,,,,,,,,,,CB MM LTP,missing join key (Function Location (Q))
24M,MCORS,Ancillary,TBA,GR021,Additional Baseline Capex Ancillary Fleet,2028-10-03,2028-10-24,21 days,FY29,,,,,,,,,,,,CB MM LTP,missing join key (Function Location (Q))
24M,MCORS,Ancillary,TBA,GR021,Minor Hosing Opex,2028-10-03,2028-10-24,21 days,FY29,,,,,,,,,,,,CB MM LTP,missing join key (Function Location (Q))
24M,MCORS,Ancillary,TBA,GR021,Major Hosing Price Variances - Capex,2028-10-03,2028-10-24,21 days,FY29,,,,,,,,,,,,CB MM LTP,missing join key (Function Location (Q))
24M,MCORS,Ancillary,TBA,GR021,Baseline Harness (Not on strategy) Capex,2028-10-03,2028-10-24,21 days,FY29,,,,,,,,,,,,CB MM LTP,missing join key (Function Location (Q))
24M,MCORS,Ancillary,TBA,GR021,Variation Opex - Corrosions/Repairs,2028-10-03,2028-10-24,21 days,FY29,,,,,,,,,,,,CB MM LTP,missing join key (Function Location (Q))
24M,MCORS,Ancillary,TBA,GR021,Capex Variation - Cab Overhaul (if applicable),2028-10-03,2028-10-24,21 days,FY29,,,,,,,,,,,,CB MM LTP,missing join key (Function Location (Q))
24M,MCORS,Ancillary,TBA,GR021,MCORS Site Labour Recovery - 24M,2028-10-03,2028-10-24,21 days,FY29,,,,,,,,,,,,CB MM LTP,missing join key (Function Location (Q))
24M,MCORS,Ancillary,TBA,GR021,Transport & Unload,2028-10-25,2028-10-27,2 days,FY29,,,,,,,,,,,,CB MM LTP,missing join key (Function Location (Q))
24M,MCORS,Ancillary,TBA,GR021,Recommissioning,2028-10-28,2028-10-28,0.5 days,FY29,,,,,,,,,,,,CB MM LTP,missing join key (Function Location (Q))
994H,MCORS,Ancillary,TBA,WL026,WL026 - MCORS (EOL - 10/2026),2028-10-03,2028-11-18,46 days,FY29,,,,,,,,,,,,CB MM LTP,missing join key (Function Location (Q))
994H,MCORS,Ancillary,TBA,WL026,Decommissioning,2028-10-03,2028-10-04,1 day,FY29,,,,,,,,,,,,CB MM LTP,missing join key (Function Location (Q))
994H,MCORS,Ancillary,TBA,WL026,Load & Transport,2028-10-05,2028-10-08,3 days,FY29,,,,,,,,,,,,CB MM LTP,missing join key (Function Location (Q))
994H,MCORS,Ancillary,TBA,WL026,WL026 - Baseline Scope,2028-10-09,2028-11-10,32 days,FY29,,,,,,,,,,,,CB MM LTP,missing join key (Function Location (Q))
994H,MCORS,Ancillary,TBA,WL026,MCORS Transport,2028-10-09,2028-11-10,32 days,FY29,,,,,,,,,,,,CB MM LTP,missing join key (Function Location (Q))
994H,MCORS,Ancillary,TBA,WL026,Opex Variation,2028-10-09,2028-11-10,32 days,FY29,,,,,,,,,,,,CB MM LTP,missing join key (Function Location (Q))
994H,MCORS,Ancillary,TBA,WL026,Capex Variation,2028-10-09,2028-11-10,32 days,FY29,,,,,,,,,,,,CB MM LTP,missing join key (Function Location (Q))
994H,MCORS,Ancillary,TBA,WL026,Additional Baseline Opex Ancillary Fleet,2028-10-09,2028-11-10,32 days,FY29,,,,,,,,,,,,CB MM LTP,missing join key (Function Location (Q))
994H,MCORS,Ancillary,TBA,WL026,Additional Baseline Capex Ancillary Fleet,2028-10-09,2028-11-10,32 days,FY29,,,,,,,,,,,,CB MM LTP,missing join key (Function Location (Q))
994H,MCORS,Ancillary,TBA,WL026,Minor Hosing Opex,2028-10-09,2028-11-10,32 days,FY29,,,,,,,,,,,,CB MM LTP,missing join key (Function Location (Q))
994H,MCORS,Ancillary,TBA,WL026,Major Hosing Price Variances - Capex,2028-10-09,2028-11-10,32 days,FY29,,,,,,,,,,,,CB MM LTP,missing join key (Function Location (Q))
994H,MCORS,Ancillary,TBA,WL026,Baseline Harness (Not on strategy) Capex,2028-10-09,2028-11-10,32 days,FY29,,,,,,,,,,,,CB MM LTP,missing join key (Function Location (Q))
994H,MCORS,Ancillary,TBA,WL026,Variation Opex - Corrosions/Repairs,2028-10-09,2028-11-10,32 days,FY29,,,,,,,,,,,,CB MM LTP,missing join key (Function Location (Q))
994H,MCORS,Ancillary,TBA,WL026,Capex Variation - Cab Overhaul (if applicable),2028-10-09,2028-11-10,32 days,FY29,,,,,,,,,,,,CB MM LTP,missing join key (Function Location (Q))
994H,MCORS,Ancillary,TBA,WL026,MCORS Site Labour Recovery - 994H,2028-10-09,2028-11-10,32 days,FY29,,,,,,,,,,,,CB MM LTP,missing join key (Function Location (Q))
994H,MCORS,Ancillary,TBA,WL026,Transport & Unload,2028-11-11,2028-11-14,3 days,FY29,,,,,,,,,,,,CB MM LTP,missing join key (Function Location (Q))
994H,MCORS,Ancillary,TBA,WL026,Recommissioning,2028-11-15,2028-11-18,3 days,FY29,,,,,,,,,,,,CB MM LTP,missing join key (Function Location (Q))
854K,MCORS,Ancillary,TBA,WD6106,WD6106 - MCORS (EOL - 04/2036),2028-10-22,2028-11-28,37 days,FY29,,,,,,,,,,,,CB MM LTP,missing join key (Function Location (Q))
854K,MCORS,Ancillary,TBA,WD6106,Decommissioning,2028-10-22,2028-10-22,0.5 days,FY29,,,,,,,,,,,,CB MM LTP,missing join key (Function Location (Q))
854K,MCORS,Ancillary,TBA,WD6106,Transport & Load,2028-10-23,2028-10-25,2 days,FY29,,,,,,,,,,,,CB MM LTP,missing join key (Function Location (Q))
854K,MCORS,Ancillary,TBA,WD6106,WD6106 - Baseline Scope,2028-10-26,2028-11-23,28 days,FY29,,,,,,,,,,,,CB MM LTP,missing join key (Function Location (Q))
854K,MCORS,Ancillary,TBA,WD6106,MCORS Transport,2028-10-26,2028-11-23,28 days,FY29,,,,,,,,,,,,CB MM LTP,missing join key (Function Location (Q))
854K,MCORS,Ancillary,TBA,WD6106,Opex Variation,2028-10-26,2028-11-23,28 days,FY29,,,,,,,,,,,,CB MM LTP,missing join key (Function Location (Q))
854K,MCORS,Ancillary,TBA,WD6106,Capex Variation,2028-10-26,2028-11-23,28 days,FY29,,,,,,,,,,,,CB MM LTP,missing join key (Function Location (Q))
854K,MCORS,Ancillary,TBA,WD6106,Additional Baseline Opex Ancillary Fleet,2028-10-26,2028-11-23,28 days,FY29,,,,,,,,,,,,CB MM LTP,missing join key (Function Location (Q))
854K,MCORS,Ancillary,TBA,WD6106,Additional Baseline Capex Ancillary Fleet,2028-10-26,2028-11-23,28 days,FY29,,,,,,,,,,,,CB MM LTP,missing join key (Function Location (Q))
854K,MCORS,Ancillary,TBA,WD6106,Minor Hosing Opex,2028-10-26,2028-11-23,28 days,FY29,,,,,,,,,,,,CB MM LTP,missing join key (Function Location (Q))
854K,MCORS,Ancillary,TBA,WD6106,Major Hosing Price Variances - Capex,2028-10-26,2028-11-23,28 days,FY29,,,,,,,,,,,,CB MM LTP,missing join key (Function Location (Q))
854K,MCORS,Ancillary,TBA,WD6106,Baseline Harness (Not on strategy) Capex,2028-10-26,2028-11-23,28 days,FY29,,,,,,,,,,,,CB MM LTP,missing join key (Function Location (Q))
854K,MCORS,Ancillary,TBA,WD6106,Variation Opex - Corrosions/Repairs,2028-10-26,2028-11-23,28 days,FY29,,,,,,,,,,,,CB MM LTP,missing join key (Function Location (Q))
854K,MCORS,Ancillary,TBA,WD6106,Capex Variation - Cab Overhaul (if applicable),2028-10-26,2028-11-23,28 days,FY29,,,,,,,,,,,,CB MM LTP,missing join key (Function Location (Q))
854K,MCORS,Ancillary,TBA,WD6106,MCORS Site Labour Recovery - 854K,2028-10-26,2028-11-23,28 days,FY29,,,,,,,,,,,,CB MM LTP,missing join key (Function Location (Q))
854K,MCORS,Ancillary,TBA,WD6106,Transport & Unload,2028-11-24,2028-11-26,2 days,FY29,,,,,,,,,,,,CB MM LTP,missing join key (Function Location (Q))
854K,MCORS,Ancillary,TBA,WD6106,Recommissioning,2028-11-27,2028-11-28,1 day,FY29,,,,,,,,,,,,CB MM LTP,missing join key (Function Location (Q))
854K,MCORS,Ancillary,TBA,WD6105,WD6105 - MCORS (EOL 01/2032),2028-12-14,2029-01-20,37 days,FY29,,,,,,,,,,,,CB MM LTP,missing join key (Function Location (Q))
854K,MCORS,Ancillary,TBA,WD6105,Decommissioning,2028-12-14,2028-12-14,0.5 days,FY29,,,,,,,,,,,,CB MM LTP,missing join key (Function Location (Q))
854K,MCORS,Ancillary,TBA,WD6105,Transport & Load,2028-12-15,2028-12-17,2 days,FY29,,,,,,,,,,,,CB MM LTP,missing join key (Function Location (Q))
854K,MCORS,Ancillary,TBA,WD6105,WD6105 Baseline Scope,2028-12-18,2029-01-15,28 days,FY29,,,,,,,,,,,,CB MM LTP,missing join key (Function Location (Q))
854K,MCORS,Ancillary,TBA,WD6105,MCORS Transport,2028-12-18,2029-01-15,28 days,FY29,,,,,,,,,,,,CB MM LTP,missing join key (Function Location (Q))
854K,MCORS,Ancillary,TBA,WD6105,Opex Variation,2028-12-18,2029-01-15,28 days,FY29,,,,,,,,,,,,CB MM LTP,missing join key (Function Location (Q))
854K,MCORS,Ancillary,TBA,WD6105,Capex Variation,2028-12-18,2029-01-15,28 days,FY29,,,,,,,,,,,,CB MM LTP,missing join key (Function Location (Q))
854K,MCORS,Ancillary,TBA,WD6105,Additional Baseline Opex Ancillary Fleet,2028-12-18,2029-01-15,28 days,FY29,,,,,,,,,,,,CB MM LTP,missing join key (Function Location (Q))
854K,MCORS,Ancillary,TBA,WD6105,Additional Baseline Capex Ancillary Fleet,2028-12-18,2029-01-15,28 days,FY29,,,,,,,,,,,,CB MM LTP,missing join key (Function Location (Q))
854K,MCORS,Ancillary,TBA,WD6105,Minor Hosing Opex,2028-12-18,2029-01-15,28 days,FY29,,,,,,,,,,,,CB MM LTP,missing join key (Function Location (Q))
854K,MCORS,Ancillary,TBA,WD6105,Major Hosing Price Variances - Capex,2028-12-18,2029-01-15,28 days,FY29,,,,,,,,,,,,CB MM LTP,missing join key (Function Location (Q))
854K,MCORS,Ancillary,TBA,WD6105,Baseline Harness (Not on strategy) Capex,2028-12-18,2029-01-15,28 days,FY29,,,,,,,,,,,,CB MM LTP,missing join key (Function Location (Q))
854K,MCORS,Ancillary,TBA,WD6105,Variation Opex - Corrosions/Repairs,2028-12-18,2029-01-15,28 days,FY29,,,,,,,,,,,,CB MM LTP,missing join key (Function Location (Q))
854K,MCORS,Ancillary,TBA,WD6105,Capex Variation - Cab Overhaul (if applicable),2028-12-18,2029-01-15,28 days,FY29,,,,,,,,,,,,CB MM LTP,missing join key (Function Location (Q))
854K,MCORS,Ancillary,TBA,WD6105,MCORS Site Labour Recovery - 854K,2028-12-18,2029-01-15,28 days,FY29,,,,,,,,,,,,CB MM LTP,missing join key (Function Location (Q))
854K,MCORS,Ancillary,TBA,WD6105,Transport & Unload,2029-01-16,2029-01-18,2 days,FY29,,,,,,,,,,,,CB MM LTP,missing join key (Function Location (Q))
854K,MCORS,Ancillary,TBA,WD6105,Recommissioning,2029-01-19,2029-01-20,1 day,FY29,,,,,,,,,,,,CB MM LTP,missing join key (Function Location (Q))
24M,MCORS,Ancillary,TBA,GR018,GR018 - MCORS (EOL - 08/2023),2028-12-15,2029-01-13,29.5 days,FY29,,,,,,,,,,,,CB MM LTP,missing join key (Function Location (Q))
24M,MCORS,Ancillary,TBA,GR018,Decommissioning,2028-12-15,2028-12-15,0.5 days,FY29,,,,,,,,,,,,CB MM LTP,missing join key (Function Location (Q))
24M,MCORS,Ancillary,TBA,GR018,Load & Transport,2028-12-16,2028-12-18,2 days,FY29,,,,,,,,,,,,CB MM LTP,missing join key (Function Location (Q))
24M,MCORS,Ancillary,TBA,GR018,GR018 - Baseline Scope,2028-12-19,2029-01-09,21 days,FY29,,,,,,,,,,,,CB MM LTP,missing join key (Function Location (Q))
24M,MCORS,Ancillary,TBA,GR018,MCORS Transport,2028-12-19,2029-01-09,21 days,FY29,,,,,,,,,,,,CB MM LTP,missing join key (Function Location (Q))
24M,MCORS,Ancillary,TBA,GR018,Opex Variation,2028-12-19,2029-01-09,21 days,FY29,,,,,,,,,,,,CB MM LTP,missing join key (Function Location (Q))
24M,MCORS,Ancillary,TBA,GR018,Capex Variation,2028-12-19,2029-01-09,21 days,FY29,,,,,,,,,,,,CB MM LTP,missing join key (Function Location (Q))
24M,MCORS,Ancillary,TBA,GR018,Additional Baseline Opex Ancillary Fleet,2028-12-19,2029-01-09,21 days,FY29,,,,,,,,,,,,CB MM LTP,missing join key (Function Location (Q))
24M,MCORS,Ancillary,TBA,GR018,Additional Baseline Capex Ancillary Fleet,2028-12-19,2029-01-09,21 days,FY29,,,,,,,,,,,,CB MM LTP,missing join key (Function Location (Q))
24M,MCORS,Ancillary,TBA,GR018,Minor Hosing Opex,2028-12-19,2029-01-09,21 days,FY29,,,,,,,,,,,,CB MM LTP,missing join key (Function Location (Q))
24M,MCORS,Ancillary,TBA,GR018,Major Hosing Price Variances - Capex,2028-12-19,2029-01-09,21 days,FY29,,,,,,,,,,,,CB MM LTP,missing join key (Function Location (Q))
24M,MCORS,Ancillary,TBA,GR018,Baseline Harness (Not on strategy) Capex,2028-12-19,2029-01-09,21 days,FY29,,,,,,,,,,,,CB MM LTP,missing join key (Function Location (Q))
24M,MCORS,Ancillary,TBA,GR018,Variation Opex - Corrosions/Repairs,2028-12-19,2029-01-09,21 days,FY29,,,,,,,,,,,,CB MM LTP,missing join key (Function Location (Q))
24M,MCORS,Ancillary,TBA,GR018,Capex Variation - Cab Overhaul (if applicable),2028-12-19,2029-01-09,21 days,FY29,,,,,,,,,,,,CB MM LTP,missing join key (Function Location (Q))
24M,MCORS,Ancillary,TBA,GR018,MCORS Site Labour Recovery - 24M,2028-12-19,2029-01-09,21 days,FY29,,,,,,,,,,,,CB MM LTP,missing join key (Function Location (Q))
24M,MCORS,Ancillary,TBA,GR018,Transport & Unload,2029-01-10,2029-01-12,2 days,FY29,,,,,,,,,,,,CB MM LTP,missing join key (Function Location (Q))
24M,MCORS,Ancillary,TBA,GR018,Recommissioning,2029-01-13,2029-01-13,0.5 days,FY29,,,,,,,,,,,,CB MM LTP,missing join key (Function Location (Q))
D10T2,MCORS,Ancillary,TBA,DZ8226,DZ8226 - MCORS (EOL - 10/2037),2029-02-05,2029-03-03,26 days,FY29,,,,,,,,,,,,CB MM LTP,missing join key (Function Location (Q))
D10T2,MCORS,Ancillary,TBA,DZ8226,Decommissioning,2029-02-05,2029-02-05,0.5 days,FY29,,,,,,,,,,,,CB MM LTP,missing join key (Function Location (Q))
D10T2,MCORS,Ancillary,TBA,DZ8226,Load & Transport,2029-02-06,2029-02-08,2 days,FY29,,,,,,,,,,,,CB MM LTP,missing join key (Function Location (Q))
D10T2,MCORS,Ancillary,TBA,DZ8226,DZ8226 - Baseline Scope,2029-02-09,2029-02-26,17 days,FY29,,,,,,,,,,,,CB MM LTP,missing join key (Function Location (Q))
D10T2,MCORS,Ancillary,TBA,DZ8226,MCORS Transport,2029-02-09,2029-02-26,17 days,FY29,,,,,,,,,,,,CB MM LTP,missing join key (Function Location (Q))
D10T2,MCORS,Ancillary,TBA,DZ8226,Opex Variation,2029-02-09,2029-02-26,17 days,FY29,,,,,,,,,,,,CB MM LTP,missing join key (Function Location (Q))
D10T2,MCORS,Ancillary,TBA,DZ8226,Capex Variation,2029-02-09,2029-02-26,17 days,FY29,,,,,,,,,,,,CB MM LTP,missing join key (Function Location (Q))
D10T2,MCORS,Ancillary,TBA,DZ8226,Additional Baseline Opex Ancillary Fleet,2029-02-09,2029-02-26,17 days,FY29,,,,,,,,,,,,CB MM LTP,missing join key (Function Location (Q))
D10T2,MCORS,Ancillary,TBA,DZ8226,Additional Baseline Capex Ancillary Fleet,2029-02-09,2029-02-26,17 days,FY29,,,,,,,,,,,,CB MM LTP,missing join key (Function Location (Q))
D10T2,MCORS,Ancillary,TBA,DZ8226,Minor Hosing Opex,2029-02-09,2029-02-26,17 days,FY29,,,,,,,,,,,,CB MM LTP,missing join key (Function Location (Q))
D10T2,MCORS,Ancillary,TBA,DZ8226,Major Hosing Price Variances - Capex,2029-02-09,2029-02-26,17 days,FY29,,,,,,,,,,,,CB MM LTP,missing join key (Function Location (Q))
D10T2,MCORS,Ancillary,TBA,DZ8226,Baseline Harness (Not on strategy) Capex,2029-02-09,2029-02-26,17 days,FY29,,,,,,,,,,,,CB MM LTP,missing join key (Function Location (Q))
D10T2,MCORS,Ancillary,TBA,DZ8226,Variation Opex - Corrosions/Repairs,2029-02-09,2029-02-26,17 days,FY29,,,,,,,,,,,,CB MM LTP,missing join key (Function Location (Q))
D10T2,MCORS,Ancillary,TBA,DZ8226,Capex Variation - Cab Overhaul (if applicable),2029-02-09,2029-02-26,17 days,FY29,,,,,,,,,,,,CB MM LTP,missing join key (Function Location (Q))
D10T2,MCORS,Ancillary,TBA,DZ8226,MCORS Site Labour Recovery - D10T,2029-02-09,2029-02-26,17 days,FY29,,,,,,,,,,,,CB MM LTP,missing join key (Function Location (Q))
D10T2,MCORS,Ancillary,TBA,DZ8226,Transport & Unload,2029-02-27,2029-03-01,2 days,FY29,,,,,,,,,,,,CB MM LTP,missing join key (Function Location (Q))
D10T2,MCORS,Ancillary,TBA,DZ8226,Recommissioning,2029-03-02,2029-03-03,1 day,FY29,,,,,,,,,,,,CB MM LTP,missing join key (Function Location (Q))
24M,MCORS,Ancillary,TBA,GR013,GR013 - MCORS (EOL - 12/2023),2029-03-15,2029-04-13,29.5 days,FY29,,,,,,,,,,,,CB MM LTP,missing join key (Function Location (Q))
24M,MCORS,Ancillary,TBA,GR013,Decommissioning,2029-03-15,2029-03-15,0.5 days,FY29,,,,,,,,,,,,CB MM LTP,missing join key (Function Location (Q))
24M,MCORS,Ancillary,TBA,GR013,Load & Transport,2029-03-16,2029-03-18,2 days,FY29,,,,,,,,,,,,CB MM LTP,missing join key (Function Location (Q))
24M,MCORS,Ancillary,TBA,GR013,GR013 - Baseline Scope,2029-03-19,2029-04-09,21 days,FY29,,,,,,,,,,,,CB MM LTP,missing join key (Function Location (Q))
24M,MCORS,Ancillary,TBA,GR013,MCORS Transport,2029-03-19,2029-04-09,21 days,FY29,,,,,,,,,,,,CB MM LTP,missing join key (Function Location (Q))
24M,MCORS,Ancillary,TBA,GR013,Opex Variation,2029-03-19,2029-04-09,21 days,FY29,,,,,,,,,,,,CB MM LTP,missing join key (Function Location (Q))
24M,MCORS,Ancillary,TBA,GR013,Capex Variation,2029-03-19,2029-04-09,21 days,FY29,,,,,,,,,,,,CB MM LTP,missing join key (Function Location (Q))
24M,MCORS,Ancillary,TBA,GR013,Additional Baseline Opex Ancillary Fleet,2029-03-19,2029-04-09,21 days,FY29,,,,,,,,,,,,CB MM LTP,missing join key (Function Location (Q))
24M,MCORS,Ancillary,TBA,GR013,Additional Baseline Capex Ancillary Fleet,2029-03-19,2029-04-09,21 days,FY29,,,,,,,,,,,,CB MM LTP,missing join key (Function Location (Q))
24M,MCORS,Ancillary,TBA,GR013,Minor Hosing Opex,2029-03-19,2029-04-09,21 days,FY29,,,,,,,,,,,,CB MM LTP,missing join key (Function Location (Q))
24M,MCORS,Ancillary,TBA,GR013,Major Hosing Price Variances - Capex,2029-03-19,2029-04-09,21 days,FY29,,,,,,,,,,,,CB MM LTP,missing join key (Function Location (Q))
24M,MCORS,Ancillary,TBA,GR013,Baseline Harness (Not on strategy) Capex,2029-03-19,2029-04-09,21 days,FY29,,,,,,,,,,,,CB MM LTP,missing join key (Function Location (Q))
24M,MCORS,Ancillary,TBA,GR013,Variation Opex - Corrosions/Repairs,2029-03-19,2029-04-09,21 days,FY29,,,,,,,,,,,,CB MM LTP,missing join key (Function Location (Q))
24M,MCORS,Ancillary,TBA,GR013,Capex Variation - Cab Overhaul (if applicable),2029-03-19,2029-04-09,21 days,FY29,,,,,,,,,,,,CB MM LTP,missing join key (Function Location (Q))
24M,MCORS,Ancillary,TBA,GR013,MCORS Site Labour Recovery - 24M,2029-03-19,2029-04-09,21 days,FY29,,,,,,,,,,,,CB MM LTP,missing join key (Function Location (Q))
24M,MCORS,Ancillary,TBA,GR013,Transport & Unload,2029-04-10,2029-04-12,2 days,FY29,,,,,,,,,,,,CB MM LTP,missing join key (Function Location (Q))
24M,MCORS,Ancillary,TBA,GR013,Recommissioning,2029-04-13,2029-04-13,0.5 days,FY29,,,,,,,,,,,,CB MM LTP,missing join key (Function Location (Q))
994H,MCORS,Ancillary,TBA,WL263,WL263 - MCORS (EOL (10/2029),2029-05-15,2029-06-30,46 days,FY29,,,,,,,,,,,,CB MM LTP,missing join key (Function Location (Q))
994H,MCORS,Ancillary,TBA,WL263,Decommissioning,2029-05-15,2029-05-16,1 day,FY29,,,,,,,,,,,,CB MM LTP,missing join key (Function Location (Q))
994H,MCORS,Ancillary,TBA,WL263,Load & Transport,2029-05-17,2029-05-20,3 days,FY29,,,,,,,,,,,,CB MM LTP,missing join key (Function Location (Q))
994H,MCORS,Ancillary,TBA,WL263,WL026 - Baseline Scope,2029-05-21,2029-06-22,32 days,FY29,,,,,,,,,,,,CB MM LTP,missing join key (Function Location (Q))
994H,MCORS,Ancillary,TBA,WL263,MCORS Transport,2029-05-21,2029-06-22,32 days,FY29,,,,,,,,,,,,CB MM LTP,missing join key (Function Location (Q))
994H,MCORS,Ancillary,TBA,WL263,Opex Variation,2029-05-21,2029-06-22,32 days,FY29,,,,,,,,,,,,CB MM LTP,missing join key (Function Location (Q))
994H,MCORS,Ancillary,TBA,WL263,Capex Variation,2029-05-21,2029-06-22,32 days,FY29,,,,,,,,,,,,CB MM LTP,missing join key (Function Location (Q))
994H,MCORS,Ancillary,TBA,WL263,Additional Baseline Opex Ancillary Fleet,2029-05-21,2029-06-22,32 days,FY29,,,,,,,,,,,,CB MM LTP,missing join key (Function Location (Q))
994H,MCORS,Ancillary,TBA,WL263,Additional Baseline Capex Ancillary Fleet,2029-05-21,2029-06-22,32 days,FY29,,,,,,,,,,,,CB MM LTP,missing join key (Function Location (Q))
994H,MCORS,Ancillary,TBA,WL263,Minor Hosing Opex,2029-05-21,2029-06-22,32 days,FY29,,,,,,,,,,,,CB MM LTP,missing join key (Function Location (Q))
994H,MCORS,Ancillary,TBA,WL263,Major Hosing Price Variances - Capex,2029-05-21,2029-06-22,32 days,FY29,,,,,,,,,,,,CB MM LTP,missing join key (Function Location (Q))
994H,MCORS,Ancillary,TBA,WL263,Baseline Harness (Not on strategy) Capex,2029-05-21,2029-06-22,32 days,FY29,,,,,,,,,,,,CB MM LTP,missing join key (Function Location (Q))
994H,MCORS,Ancillary,TBA,WL263,Variation Opex - Corrosions/Repairs,2029-05-21,2029-06-22,32 days,FY29,,,,,,,,,,,,CB MM LTP,missing join key (Function Location (Q))
994H,MCORS,Ancillary,TBA,WL263,Capex Variation - Cab Overhaul (if applicable),2029-05-21,2029-06-22,32 days,FY29,,,,,,,,,,,,CB MM LTP,missing join key (Function Location (Q))
994H,MCORS,Ancillary,TBA,WL263,MCORS Site Labour Recovery - 994H,2029-05-21,2029-06-22,32 days,FY29,,,,,,,,,,,,CB MM LTP,missing join key (Function Location (Q))
994H,MCORS,Ancillary,TBA,WL263,Transport & Unload,2029-06-23,2029-06-26,3 days,FY29,,,,,,,,,,,,CB MM LTP,missing join key (Function Location (Q))
994H,MCORS,Ancillary,TBA,WL263,Recommissioning,2029-06-27,2029-06-30,3 days,FY29,,,,,,,,,,,,CB MM LTP,missing join key (Function Location (Q))
994H,MCORS,Ancillary,TBA,WL025,WL025 - MCORS (EOL - 02/2029),2029-06-14,2029-07-30,46 days,FY29,,,,,,,,,,,,CB MM LTP,missing join key (Function Location (Q))
994H,MCORS,Ancillary,TBA,WL025,Decommissioning,2029-06-14,2029-06-15,1 day,FY29,,,,,,,,,,,,CB MM LTP,missing join key (Function Location (Q))
994H,MCORS,Ancillary,TBA,WL025,Load & Transport,2029-06-16,2029-06-19,3 days,FY29,,,,,,,,,,,,CB MM LTP,missing join key (Function Location (Q))
994H,MCORS,Ancillary,TBA,WL025,WL025 - Baseline Scope,2029-06-20,2029-07-22,32 days,FY29,,,,,,,,,,,,CB MM LTP,missing join key (Function Location (Q))
994H,MCORS,Ancillary,TBA,WL025,MCORS Transport,2029-06-20,2029-07-22,32 days,FY29,,,,,,,,,,,,CB MM LTP,missing join key (Function Location (Q))
994H,MCORS,Ancillary,TBA,WL025,Opex Variation,2029-06-20,2029-07-22,32 days,FY29,,,,,,,,,,,,CB MM LTP,missing join key (Function Location (Q))
994H,MCORS,Ancillary,TBA,WL025,Capex Variation,2029-06-20,2029-07-22,32 days,FY29,,,,,,,,,,,,CB MM LTP,missing join key (Function Location (Q))
994H,MCORS,Ancillary,TBA,WL025,Additional Baseline Opex Ancillary Fleet,2029-06-20,2029-07-22,32 days,FY29,,,,,,,,,,,,CB MM LTP,missing join key (Function Location (Q))
994H,MCORS,Ancillary,TBA,WL025,Additional Baseline Capex Ancillary Fleet,2029-06-20,2029-07-22,32 days,FY29,,,,,,,,,,,,CB MM LTP,missing join key (Function Location (Q))
994H,MCORS,Ancillary,TBA,WL025,Minor Hosing Opex,2029-06-20,2029-07-22,32 days,FY29,,,,,,,,,,,,CB MM LTP,missing join key (Function Location (Q))
994H,MCORS,Ancillary,TBA,WL025,Major Hosing Price Variances - Capex,2029-06-20,2029-07-22,32 days,FY29,,,,,,,,,,,,CB MM LTP,missing join key (Function Location (Q))
994H,MCORS,Ancillary,TBA,WL025,Baseline Harness (Not on strategy) Capex,2029-06-20,2029-07-22,32 days,FY29,,,,,,,,,,,,CB MM LTP,missing join key (Function Location (Q))
994H,MCORS,Ancillary,TBA,WL025,Variation Opex - Corrosions/Repairs,2029-06-20,2029-07-22,32 days,FY29,,,,,,,,,,,,CB MM LTP,missing join key (Function Location (Q))
994H,MCORS,Ancillary,TBA,WL025,Capex Variation - Cab Overhaul (if applicable),2029-06-20,2029-07-22,32 days,FY29,,,,,,,,,,,,CB MM LTP,missing join key (Function Location (Q))
994H,MCORS,Ancillary,TBA,WL025,MCORS Site Labour Recovery - 994H,2029-06-20,2029-07-22,32 days,FY29,,,,,,,,,,,,CB MM LTP,missing join key (Function Location (Q))
994H,MCORS,Ancillary,TBA,WL025,Transport & Unload,2029-07-23,2029-07-26,3 days,FY29,,,,,,,,,,,,CB MM LTP,missing join key (Function Location (Q))
994H,MCORS,Ancillary,TBA,WL025,Recommissioning,2029-07-27,2029-07-30,3 days,FY29,,,,,,,,,,,,CB MM LTP,missing join key (Function Location (Q))
,Onsite Shut,,Fortescue,,ONSITE SHUTDOWNS,,,,,,,,,,,,,,,,CB MM LTP,missing join key (Function Location (Q))
,Onsite Shut,,Fortescue,,FY27 - ONSITE SHUTDOWNS,2026-07-01,2027-06-30,364 days,FY27,,,,,,,,,,,,CB MM LTP,missing join key (Function Location (Q))
,Onsite Shut,Haul,Fortescue,,HAUL,2026-07-01,2027-06-30,364 days,FY27,,,,,,,,,,,,CB MM LTP,missing join key (Function Location (Q))
789D,Onsite Shut,Haul,Fortescue,DT172,DT172 - Onsite Shut,2026-07-01,2026-07-22,21 days,FY27,,,,,,,,,,,,CB MM LTP,missing join key (Function Location (Q))
789D,Onsite Shut,Haul,Fortescue,DT170,DT170 - Onsite Shut,2026-07-30,2026-08-20,21 days,FY27,,,,,,,,,,,,CB MM LTP,missing join key (Function Location (Q))
789D,Onsite Shut,Haul,Fortescue,DT170,CAT 789 Header Tank + Platforms,2026-07-30,2026-08-20,21 days,FY27,,,,,,,,,,,,CB MM LTP,missing join key (Function Location (Q))
789D,Onsite Shut,Haul,Fortescue,DT170,CAT 789D Fuel Tanks replacement,2026-07-30,2026-08-20,21 days,FY27,,,,,,,,,,,,CB MM LTP,missing join key (Function Location (Q))
789D,Onsite Shut,Haul,Fortescue,DT170,CAT 789 Chassis Harness Replacement,2026-07-30,2026-08-20,21 days,FY27,,,,,,,,,,,,CB MM LTP,missing join key (Function Location (Q))
789D,Onsite Shut,Haul,Fortescue,DT170,CAT 789 Axle Housing Replacement,2026-07-30,2026-08-20,21 days,FY27,,,,,,,,,,,,CB MM LTP,missing join key (Function Location (Q))
789D,Onsite Shut,Haul,Fortescue,DT170,CAT 789 Steering Arms,2026-07-30,2026-08-20,21 days,FY27,,,,,,,,,,,,CB MM LTP,missing join key (Function Location (Q))
789D,Onsite Shut,Haul,Fortescue,DT170,CAT 789 Air Boxes Replacement,2026-07-30,2026-08-20,21 days,FY27,,,,,,,,,,,,CB MM LTP,missing join key (Function Location (Q))
789D,Onsite Shut,Haul,Fortescue,DT170,Repurposed: Cat 789D Coolant Expansion Tank,2026-07-30,2026-08-20,21 days,FY27,,,,,,,,,,,,CB MM LTP,missing join key (Function Location (Q))
789D,Onsite Shut,Haul,Fortescue,DT182,DT182 - Onsite Shut,2026-08-27,2026-09-17,21 days,FY27,,,,,,,,,,,,CB MM LTP,missing join key (Function Location (Q))
789D,Onsite Shut,Haul,Fortescue,DT182,CAT 789 Air Boxes Replacement,2026-08-27,2026-09-17,21 days,FY27,,,,,,,,,,,,CB MM LTP,missing join key (Function Location (Q))
789D,Onsite Shut,Haul,Fortescue,DT182,CAT 789 Chassis Harness Replacement,2026-08-27,2026-09-17,21 days,FY27,,,,,,,,,,,,CB MM LTP,missing join key (Function Location (Q))
789D,Onsite Shut,Haul,Fortescue,DT182,CAT 789 Header Tank + Platforms,2026-08-27,2026-09-17,21 days,FY27,,,,,,,,,,,,CB MM LTP,missing join key (Function Location (Q))
789D,Onsite Shut,Haul,Fortescue,DT182,CAT 789 Axle Housing Replacement,2026-08-27,2026-09-17,21 days,FY27,,,,,,,,,,,,CB MM LTP,missing join key (Function Location (Q))
789D,Onsite Shut,Haul,Fortescue,DT185,DT185 - Onsite Shut,2026-09-24,2026-10-15,21 days,FY27,,,,,,,,,,,,CB MM LTP,missing join key (Function Location (Q))
789D,Onsite Shut,Haul,Fortescue,DT186,DT186 - Onsite Shut,2026-10-22,2026-11-12,21 days,FY27,,,,,,,,,,,,CB MM LTP,missing join key (Function Location (Q))
789D,Onsite Shut,Haul,Fortescue,DT186,CAT 789D Fuel Tanks Replacement,2026-10-22,2026-11-12,21 days,FY27,,,,,,,,,,,,CB MM LTP,missing join key (Function Location (Q))
789D,Onsite Shut,Haul,Fortescue,DT183,DT183 - Onsite Shut,2026-11-19,2026-12-10,21 days,FY27,,,,,,,,,,,,CB MM LTP,missing join key (Function Location (Q))
789D,Onsite Shut,Haul,Fortescue,DT192,DT192 - Onsite Shut,2026-12-17,2027-01-07,21 days,FY27,,,,,,,,,,,,CB MM LTP,missing join key (Function Location (Q))
789D,Onsite Shut,Haul,Fortescue,DT190,DT190 - Onsite Shut,2027-01-10,2027-01-31,21 days,FY27,,,,,,,,,,,,CB MM LTP,missing join key (Function Location (Q))
789D,Onsite Shut,Haul,Fortescue,DT198,DT198 - Onsite Shut,2027-02-07,2027-02-28,21 days,FY27,,,,,,,,,,,,CB MM LTP,missing join key (Function Location (Q))
789D,Onsite Shut,Haul,Fortescue,DT198,CAT 789 Axle Housing Replacement,2027-02-07,2027-02-28,21 days,FY27,,,,,,,,,,,,CB MM LTP,missing join key (Function Location (Q))
789D,Onsite Shut,Haul,Fortescue,DT197,DT197 - Onsite Shut,2027-04-23,2027-05-14,21 days,FY27,,,,,,,,,,,,CB MM LTP,missing join key (Function Location (Q))
,Onsite Shut,,Fortescue,,FY28 - ONSITE SHUTDOWNS,2027-07-01,2028-06-30,365 days,FY28,,,,,,,,,,,,CB MM LTP,missing join key (Function Location (Q))
,Onsite Shut,Haul,Fortescue,,HAUL,2027-07-01,2028-06-30,365 days,FY28,,,,,,,,,,,,CB MM LTP,missing join key (Function Location (Q))
789D,Onsite Shut,Haul,Fortescue,DT191,DT191 - Onsite Shut (EOL - 08/2029),2027-07-03,2027-07-24,21 days,FY28,,,,,,,,,,,,CB MM LTP,missing join key (Function Location (Q))
789D,Onsite Shut,Haul,Fortescue,DT189,DT189 - Onsite Shut (EOL - 12/2029),2027-07-29,2027-08-19,21 days,FY28,,,,,,,,,,,,CB MM LTP,missing join key (Function Location (Q))
789D,Onsite Shut,Haul,Fortescue,DT196,DT196 - Onsite Shut (EOL - 11/2029),2027-08-23,2027-09-13,21 days,FY28,,,,,,,,,,,,CB MM LTP,missing join key (Function Location (Q))
789D,Onsite Shut,Haul,Fortescue,DT176,DT176 - Onsite Shut (EOL - 11/2029),2027-08-30,2027-09-20,21 days,FY28,,,,,,,,,,,,CB MM LTP,missing join key (Function Location (Q))
789D,Onsite Shut,Haul,Fortescue,DT193,DT193 - Onsite Shut (EOL - 03/2030),2027-09-30,2027-10-21,21 days,FY28,,,,,,,,,,,,CB MM LTP,missing join key (Function Location (Q))
789D,Onsite Shut,Haul,Fortescue,DT173,DT173 - Onsite Shut (EOL - 03/2030),2027-11-01,2027-11-22,21 days,FY28,,,,,,,,,,,,CB MM LTP,missing join key (Function Location (Q))
789D,Onsite Shut,Haul,Fortescue,DT179,DT179 - Onsite Shut (EOL - 01/2030),2028-01-04,2028-01-25,21 days,FY28,,,,,,,,,,,,CB MM LTP,missing join key (Function Location (Q))
789D,Onsite Shut,Haul,Fortescue,DT188,DT188 - Onsite Shut (EOL - 01/2030),2028-01-23,2028-02-13,21 days,FY28,,,,,,,,,,,,CB MM LTP,missing join key (Function Location (Q))
789D,Onsite Shut,Haul,Fortescue,DT174,DT174 - Onsite Shut (EOL - 02/2030),2028-02-18,2028-03-10,21 days,FY28,,,,,,,,,,,,CB MM LTP,missing join key (Function Location (Q))
789D,Onsite Shut,Haul,Fortescue,DT167,DT167 - Onsite Shut (EOL - 02/2030),2028-04-03,2028-04-24,21 days,FY28,,,,,,,,,,,,CB MM LTP,missing join key (Function Location (Q))
789D,Onsite Shut,Haul,Fortescue,DT177,DT177 - Onsite Shut (EOL - 05/2030),2028-05-09,2028-05-30,21 days,FY28,,,,,,,,,,,,CB MM LTP,missing join key (Function Location (Q))
789D,Onsite Shut,Haul,Fortescue,DT163,DT163 - Onsite Shut (EOL - 05/2030),2028-05-31,2028-06-21,21 days,FY28,,,,,,,,,,,,CB MM LTP,missing join key (Function Location (Q))
,Onsite Shut,,Fortescue,,FY29 - ONSITE SHUTDOWNS,2028-07-01,2029-06-30,364 days,FY29,,,,,,,,,,,,CB MM LTP,missing join key (Function Location (Q))
,Onsite Shut,Haul,Fortescue,,HAUL,2028-07-01,2029-06-30,364 days,FY29,,,,,,,,,,,,CB MM LTP,missing join key (Function Location (Q))
789D,Onsite Shut,Haul,Fortescue,DT175,DT175 - Onsite Shut (EOL - 03/2030),2028-07-02,2028-07-23,21 days,FY29,,,,,,,,,,,,CB MM LTP,missing join key (Function Location (Q))
789D,Onsite Shut,Haul,Fortescue,DT195,DT195 - Onsite Shut (EOL - 04/2030),2028-08-05,2028-08-26,21 days,FY29,,,,,,,,,,,,CB MM LTP,missing join key (Function Location (Q))
789D,Onsite Shut,Haul,Fortescue,DT225,DT225 - Onsite Shut (EOL - 05/2034),2028-09-10,2028-10-01,21 days,FY29,,,,,,,,,,,,CB MM LTP,missing join key (Function Location (Q))
789D,Onsite Shut,Haul,Fortescue,DT178,DT178 - Onsite Shut (EOL - 05/2030),2028-10-11,2028-11-01,21 days,FY29,,,,,,,,,,,,CB MM LTP,missing join key (Function Location (Q))
789D,Onsite Shut,Haul,Fortescue,DT224,DT224 - Onsite Shut (EOL - 08/2034),2028-11-15,2028-12-06,21 days,FY29,,,,,,,,,,,,CB MM LTP,missing join key (Function Location (Q))
789D,Onsite Shut,Haul,Fortescue,DT168,DT168 - Onsite Shut (EOL - 11/2028),2028-12-05,2028-12-26,21 days,FY29,,,,,,,,,,,,CB MM LTP,missing join key (Function Location (Q))
789D,Onsite Shut,Haul,Fortescue,DT187,DT187 - Onsite Shut (EOL - 11/2028),2029-01-19,2029-02-09,21 days,FY29,,,,,,,,,,,,CB MM LTP,missing join key (Function Location (Q))
789D,Onsite Shut,Haul,Fortescue,DT171,DT171 - Onsite Shut (EOL - 03/2029),2029-01-24,2029-02-14,21 days,FY29,,,,,,,,,,,,CB MM LTP,missing join key (Function Location (Q))
789D,Onsite Shut,Haul,Fortescue,DT166,DT166 - Onsite Shut (EOL - 07/2028),2029-02-23,2029-03-16,21 days,FY29,,,,,,,,,,,,CB MM LTP,missing join key (Function Location (Q))
789D,Onsite Shut,Haul,Fortescue,DT169,DT169 - Onsite Shut (EOL - 10/2028),2029-02-28,2029-03-21,21 days,FY29,,,,,,,,,,,,CB MM LTP,missing join key (Function Location (Q))
789D,Onsite Shut,Haul,Fortescue,DT200,DT200 - Onsite Shut (EOL - 11/2028),2029-04-18,2029-05-09,21 days,FY29,,,,,,,,,,,,CB MM LTP,missing join key (Function Location (Q))
789D,Onsite Shut,Haul,Fortescue,DT180,DT180 - Onsite Shut (EOL - 04/2029),2029-05-01,2029-05-22,21 days,FY29,,,,,,,,,,,,CB MM LTP,missing join key (Function Location (Q))
789D,Onsite Shut,Haul,Fortescue,DT172,DT172 - Onsite Shut (EOL - 11/2028),2029-06-13,2029-07-04,21 days,FY29,,,,,,,,,,,,CB MM LTP,missing join key (Function Location (Q))
,Onsite PM,Ancillary,Fortescue,,ANCILLARY - COMPONENTS DURING PM,,,,,,,,,,,,,,,,CB MM LTP,missing join key (Function Location (Q))
,Onsite PM,Ancillary,Fortescue,,FY27 - ANCILLARY - COMPONENTS DURING PM,2026-07-01,,,FY27,,,,,,,,,,,,CB MM LTP,missing join key (Function Location (Q))
,Onsite PM,Ancillary,Fortescue,MOC,MAJOR ON CONDITION,2026-07-01,2027-07-01,365 days,FY27,,,,,,,,,,,,CB MM LTP,missing join key (Function Location (Q))
,Onsite PM,Ancillary,Fortescue,MOC,JULY,2026-07-01,2026-07-31,30 days,FY27,,,,,,,,,,,,CB MM LTP,missing join key (Function Location (Q))
994H,Onsite PM,Ancillary,Fortescue,All - 994H,994H Air Tank Replacement,2026-07-01,2026-07-31,30 days,FY27,,,,,,,,,,,,CB MM LTP,missing join key (Function Location (Q))
994H,Onsite PM,Ancillary,Fortescue,All - 994H,994H Bucket Refurb,2026-07-01,2026-07-31,30 days,FY27,,,,,,,,,,,,CB MM LTP,missing join key (Function Location (Q))
D10T,Onsite PM,Ancillary,Fortescue,All - D10T,D10T Blade Rebuild,2026-07-01,2026-07-31,30 days,FY27,,,,,,,,,,,,CB MM LTP,missing join key (Function Location (Q))
854K,Onsite PM,Ancillary,Fortescue,All - 854K,854K Blade refurb,2026-07-01,2026-07-31,30 days,FY27,,,,,,,,,,,,CB MM LTP,missing join key (Function Location (Q))
16M,Onsite PM,Ancillary,Fortescue,All - Ancillary,Rotable Front Axle,2026-07-01,2026-07-31,30 days,FY27,,,,,,,,,,,,CB MM LTP,missing join key (Function Location (Q))
24M,Onsite PM,Ancillary,Fortescue,GR018,24M Blade Refurb,2026-07-01,2026-07-31,30 days,FY27,,,,,,,,,,,,CB MM LTP,missing join key (Function Location (Q))
24M,Onsite PM,Ancillary,Fortescue,GR021,24M Blade Refurb,2026-07-01,2026-07-31,30 days,FY27,,,,,,,,,,,,CB MM LTP,missing join key (Function Location (Q))
D10T,Onsite PM,Ancillary,Fortescue,All - D10T,D10 Blade Refurbishment,2026-07-01,2026-07-31,30 days,FY27,,,,,,,,,,,,CB MM LTP,missing join key (Function Location (Q))
D10T,Onsite PM,Ancillary,Fortescue,All - D10T,MSR Strategy-Repl D10T Cylinders (All),2026-07-01,2026-07-31,30 days,FY27,,,,,,,,,,,,CB MM LTP,missing join key (Function Location (Q))
,Onsite PM,Ancillary,Fortescue,MOC,AUGUST,2026-08-01,2026-08-31,30 days,FY27,,,,,,,,,,,,CB MM LTP,missing join key (Function Location (Q))
D10T,Onsite PM,Ancillary,Fortescue,All - D10T,D10T Draft arm Rebuild,2026-08-01,2026-08-31,30 days,FY27,,,,,,,,,,,,CB MM LTP,missing join key (Function Location (Q))
D10T,Onsite PM,Ancillary,Fortescue,All - D10T,D10T Fuel Tank Replacement,2026-08-01,2026-08-31,30 days,FY27,,,,,,,,,,,,CB MM LTP,missing join key (Function Location (Q))
D11T,Onsite PM,Ancillary,Fortescue,DZX022,D10T Ripper Shank,2026-08-01,2026-08-31,30 days,FY27,,,,,,,,,,,,CB MM LTP,missing join key (Function Location (Q))
D10T,Onsite PM,Ancillary,Fortescue,All - D10T,MSR Strategy-Repl D10T Cylinders (All),2026-08-01,2026-08-31,30 days,FY27,,,,,,,,,,,,CB MM LTP,missing join key (Function Location (Q))
,Onsite PM,Ancillary,Fortescue,MOC,SEPTEMBER,2026-09-01,2026-09-30,29 days,FY27,,,,,,,,,,,,CB MM LTP,missing join key (Function Location (Q))
D10T,Onsite PM,Ancillary,Fortescue,All - D10T,D10T Ripper Box Overhaul,2026-09-01,2026-09-30,29 days,FY27,,,,,,,,,,,,CB MM LTP,missing join key (Function Location (Q))
D11T,Onsite PM,Ancillary,Fortescue,All - Ancillary,D11 Ripper Shank,2026-09-01,2026-09-30,29 days,FY27,,,,,,,,,,,,CB MM LTP,missing join key (Function Location (Q))
All - Ancillary,Onsite PM,Ancillary,Fortescue,All - Ancillary,D10T/D11 Rated Recovery Points,2026-09-01,2026-09-30,29 days,FY27,,,,,,,,,,,,CB MM LTP,missing join key (Function Location (Q))
D10T,Onsite PM,Ancillary,Fortescue,All - D10T,MSR Strategy-Repl D10T Cylinders (All),2026-09-01,2026-09-30,29 days,FY27,,,,,,,,,,,,CB MM LTP,missing join key (Function Location (Q))
,Onsite PM,Ancillary,Fortescue,MOC,OCTOBER,2026-10-01,2026-10-31,30 days,FY27,,,,,,,,,,,,CB MM LTP,missing join key (Function Location (Q))
D10T,Onsite PM,Ancillary,Fortescue,All - D10T,D10 Track Frame Replacement,2026-10-01,2026-10-31,30 days,FY27,,,,,,,,,,,,CB MM LTP,missing join key (Function Location (Q))
D10T,Onsite PM,Ancillary,Fortescue,All - D10T,MSR Strategy-Repl D10T Cylinders (All),2026-10-01,2026-10-31,30 days,FY27,,,,,,,,,,,,CB MM LTP,missing join key (Function Location (Q))
,Onsite PM,Ancillary,Fortescue,MOC,NOVEMBER,2026-11-01,2026-11-30,29 days,FY27,,,,,,,,,,,,CB MM LTP,missing join key (Function Location (Q))
D11T,Onsite PM,Ancillary,Fortescue,All - Ancillary,D11 Track Frame Replacement,2026-11-01,2026-11-30,29 days,FY27,,,,,,,,,,,,CB MM LTP,missing join key (Function Location (Q))
All - Ancillary,Onsite PM,Ancillary,Fortescue,All - Ancillary,D10T/D11 Rated Recovery Points,2026-11-01,2026-11-30,29 days,FY27,,,,,,,,,,,,CB MM LTP,missing join key (Function Location (Q))
D11T,Onsite PM,Ancillary,Fortescue,All - Ancillary,D11 Blade Refurb,2026-11-01,2026-11-30,29 days,FY27,,,,,,,,,,,,CB MM LTP,missing join key (Function Location (Q))
D10T,Onsite PM,Ancillary,Fortescue,All - D10T,MSR Strategy-Repl D10T Cylinders (All),2026-11-01,2026-11-30,29 days,FY27,,,,,,,,,,,,CB MM LTP,missing join key (Function Location (Q))
,Onsite PM,Ancillary,Fortescue,MOC,DECEMBER,2026-12-01,2026-12-31,30 days,FY27,,,,,,,,,,,,CB MM LTP,missing join key (Function Location (Q))
994H,Onsite PM,Ancillary,Fortescue,All - 994H,994H Artic Overhaul,2026-12-01,2026-12-31,30 days,FY27,,,,,,,,,,,,CB MM LTP,missing join key (Function Location (Q))
994H,Onsite PM,Ancillary,Fortescue,All - 994H,994H Artic Rebuild,2026-12-01,2026-12-31,30 days,FY27,,,,,,,,,,,,CB MM LTP,missing join key (Function Location (Q))
D10T,Onsite PM,Ancillary,Fortescue,All - D10T,D10T Ripper Box Overhaul,2026-12-01,2026-12-31,30 days,FY27,,,,,,,,,,,,CB MM LTP,missing join key (Function Location (Q))
D10T,Onsite PM,Ancillary,Fortescue,All - D10T,D10 Blade Refurbishment,2026-12-01,2026-12-31,30 days,FY27,,,,,,,,,,,,CB MM LTP,missing join key (Function Location (Q))
D10T,Onsite PM,Ancillary,Fortescue,All - D10T,MSR Strategy-Repl D10T Cylinders (All),2026-12-01,2026-12-31,30 days,FY27,,,,,,,,,,,,CB MM LTP,missing join key (Function Location (Q))
,Onsite PM,Ancillary,Fortescue,MOC,JANUARY,2027-01-01,2027-01-31,30 days,FY27,,,,,,,,,,,,CB MM LTP,missing join key (Function Location (Q))
18,Onsite PM,Ancillary,Fortescue,All - 18,Rotable Front Axle,2027-01-01,2027-01-31,30 days,FY27,,,,,,,,,,,,CB MM LTP,missing join key (Function Location (Q))
18,Onsite PM,Ancillary,Fortescue,All - 18,18M Artic Refurb,2027-01-01,2027-01-31,30 days,FY27,,,,,,,,,,,,CB MM LTP,missing join key (Function Location (Q))
994H,Onsite PM,Ancillary,Fortescue,All - 994H,994 Rear Diff Housing Repairs,2027-01-01,2027-01-31,30 days,FY27,,,,,,,,,,,,CB MM LTP,missing join key (Function Location (Q))
994H,Onsite PM,Ancillary,Fortescue,All - 994H,994H Radiator Upgrade to Mesabi Cooling,2027-01-01,2027-01-31,30 days,FY27,,,,,,,,,,,,CB MM LTP,missing join key (Function Location (Q))
D10T,Onsite PM,Ancillary,Fortescue,All - D10T,D10T Ripper Shank,2027-01-01,2027-01-31,30 days,FY27,,,,,,,,,,,,CB MM LTP,missing join key (Function Location (Q))
All - Ancillary,Onsite PM,Ancillary,Fortescue,All - Ancillary,D10T/D11 Rated Recovery Points,2027-01-01,2027-01-31,30 days,FY27,,,,,,,,,,,,CB MM LTP,missing join key (Function Location (Q))
D10T,Onsite PM,Ancillary,Fortescue,All - D10T,MSR Strategy-Repl D10T Cylinders (All),2027-01-01,2027-01-31,30 days,FY27,,,,,,,,,,,,CB MM LTP,missing join key (Function Location (Q))
,Onsite PM,Ancillary,Fortescue,MOC,FEBRUARY,2027-02-01,2027-02-28,27 days,FY27,,,,,,,,,,,,CB MM LTP,missing join key (Function Location (Q))
994H,Onsite PM,Ancillary,Fortescue,All - 994H,994 Hydraulic Tank Replacement,2027-02-01,2027-02-28,27 days,FY27,,,,,,,,,,,,CB MM LTP,missing join key (Function Location (Q))
D10T,Onsite PM,Ancillary,Fortescue,All - D10T,D10 Track Frame Replacement,2027-02-01,2027-02-28,27 days,FY27,,,,,,,,,,,,CB MM LTP,missing join key (Function Location (Q))
994H,Onsite PM,Ancillary,Fortescue,All - 994H,994H Bucket Refurb,2027-02-01,2027-02-28,27 days,FY27,,,,,,,,,,,,CB MM LTP,missing join key (Function Location (Q))
D10T,Onsite PM,Ancillary,Fortescue,All - D10T,MSR Strategy-Repl D10T Cylinders (All),2027-02-01,2027-02-28,27 days,FY27,,,,,,,,,,,,CB MM LTP,missing join key (Function Location (Q))
,Onsite PM,Ancillary,Fortescue,MOC,MARCH,2027-03-01,2027-03-31,30 days,FY27,,,,,,,,,,,,CB MM LTP,missing join key (Function Location (Q))
D10T,Onsite PM,Ancillary,Fortescue,All - D10T,D10T Blade Replacement,2027-03-01,2027-03-31,30 days,FY27,,,,,,,,,,,,CB MM LTP,missing join key (Function Location (Q))
D10T,Onsite PM,Ancillary,Fortescue,All - D10T,D10T Fuel Tank Replacement,2027-03-01,2027-03-31,30 days,FY27,,,,,,,,,,,,CB MM LTP,missing join key (Function Location (Q))
D10T,Onsite PM,Ancillary,Fortescue,All - D10T,D10T Ripper Box Overhaul,2027-03-01,2027-03-31,30 days,FY27,,,,,,,,,,,,CB MM LTP,missing join key (Function Location (Q))
D11T,Onsite PM,Ancillary,Fortescue,All - Ancillary,D11 Ripper Shank,2027-03-01,2027-03-31,30 days,FY27,,,,,,,,,,,,CB MM LTP,missing join key (Function Location (Q))
D11T,Onsite PM,Ancillary,Fortescue,All - Ancillary,D11 Track Frame Replacement,2027-03-01,2027-03-31,30 days,FY27,,,,,,,,,,,,CB MM LTP,missing join key (Function Location (Q))
994H,Onsite PM,Ancillary,Fortescue,All - 994H,994H Safe Board Ladder Replace,2027-03-01,2027-03-31,30 days,FY27,,,,,,,,,,,,CB MM LTP,missing join key (Function Location (Q))
All - Ancillary,Onsite PM,Ancillary,Fortescue,All - Ancillary,D10T/D11 Rated Recovery Points,2027-03-01,2027-03-31,30 days,FY27,,,,,,,,,,,,CB MM LTP,missing join key (Function Location (Q))
D10T,Onsite PM,Ancillary,Fortescue,All - D10T,MSR Strategy-Repl D10T Cylinders (All),2027-03-01,2027-03-31,30 days,FY27,,,,,,,,,,,,CB MM LTP,missing join key (Function Location (Q))
,Onsite PM,Ancillary,Fortescue,MOC,APRIL,2027-04-01,2027-04-30,29 days,FY27,,,,,,,,,,,,CB MM LTP,missing join key (Function Location (Q))
994H,Onsite PM,Ancillary,Fortescue,All - 994H,994H Artic Overhaul,2027-04-01,2027-04-30,29 days,FY27,,,,,,,,,,,,CB MM LTP,missing join key (Function Location (Q))
994H,Onsite PM,Ancillary,Fortescue,All - 994H,994H Artic Rebuild,2027-04-01,2027-04-30,29 days,FY27,,,,,,,,,,,,CB MM LTP,missing join key (Function Location (Q))
994H,Onsite PM,Ancillary,Fortescue,All - 994H,994H Boom Overhaul,2027-04-01,2027-04-30,29 days,FY27,,,,,,,,,,,,CB MM LTP,missing join key (Function Location (Q))
D10T,Onsite PM,Ancillary,Fortescue,All - D10T,MSR Strategy-Repl D10T Cylinders (All),2027-04-01,2027-04-30,29 days,FY27,,,,,,,,,,,,CB MM LTP,missing join key (Function Location (Q))
,Onsite PM,Ancillary,Fortescue,MOC,MAY,2027-05-01,2027-05-31,30 days,FY27,,,,,,,,,,,,CB MM LTP,missing join key (Function Location (Q))
994H,Onsite PM,Ancillary,Fortescue,All - 994H,994H Radiator Upgrade to Mesabi Cooling,2027-05-01,2027-05-31,30 days,FY27,,,,,,,,,,,,CB MM LTP,missing join key (Function Location (Q))
D10T,Onsite PM,Ancillary,Fortescue,All - D10T,D10 Track Frame Replacement,2027-05-01,2027-05-31,30 days,FY27,,,,,,,,,,,,CB MM LTP,missing join key (Function Location (Q))
D10T,Onsite PM,Ancillary,Fortescue,All - D10T,D10 Blade Refurbishment,2027-05-01,2027-05-31,30 days,FY27,,,,,,,,,,,,CB MM LTP,missing join key (Function Location (Q))
D10T,Onsite PM,Ancillary,Fortescue,All - D10T,D10T Blade Rebuild,2027-05-01,2027-05-31,30 days,FY27,,,,,,,,,,,,CB MM LTP,missing join key (Function Location (Q))
D10T,Onsite PM,Ancillary,Fortescue,All - D10T,D10T Draft Arm Rebuild,2027-05-01,2027-05-31,30 days,FY27,,,,,,,,,,,,CB MM LTP,missing join key (Function Location (Q))
All - Ancillary,Onsite PM,Ancillary,Fortescue,All - Ancillary,D10T/D11 Rated Recovery Points,2027-05-01,2027-05-31,30 days,FY27,,,,,,,,,,,,CB MM LTP,missing join key (Function Location (Q))
D11T,Onsite PM,Ancillary,Fortescue,All - Ancillary,D11 Blade Refurb,2027-05-01,2027-05-31,30 days,FY27,,,,,,,,,,,,CB MM LTP,missing join key (Function Location (Q))
D11T,Onsite PM,Ancillary,Fortescue,All - Ancillary,D11 Draft Arm Rebuild,2027-05-01,2027-05-31,30 days,FY27,,,,,,,,,,,,CB MM LTP,missing join key (Function Location (Q))
D10T,Onsite PM,Ancillary,Fortescue,All - D10T,MSR Strategy-Repl D10T Cylinders (All),2027-05-01,2027-05-31,30 days,FY27,,,,,,,,,,,,CB MM LTP,missing join key (Function Location (Q))
,Onsite PM,Ancillary,Fortescue,MOC,JUNE,2027-06-01,2027-06-30,29 days,FY27,,,,,,,,,,,,CB MM LTP,missing join key (Function Location (Q))
18,Onsite PM,Ancillary,Fortescue,All - 18,18M Complete Circle/Drawbar/C Bracket Assy,2027-06-01,2027-06-30,29 days,FY27,,,,,,,,,,,,CB MM LTP,missing join key (Function Location (Q))
994K,Onsite PM,Ancillary,Fortescue,All - 994K,994K Artic Rebuild,2027-06-01,2027-06-30,29 days,FY27,,,,,,,,,,,,CB MM LTP,missing join key (Function Location (Q))
D10T,Onsite PM,Ancillary,Fortescue,All - D10T,D10T Ripper Box Overhaul,2027-06-01,2027-06-30,29 days,FY27,,,,,,,,,,,,CB MM LTP,missing join key (Function Location (Q))
D10T,Onsite PM,Ancillary,Fortescue,All - D10T,D10T Ripper Shank,2027-06-01,2027-06-30,29 days,FY27,,,,,,,,,,,,CB MM LTP,missing join key (Function Location (Q))
D10T,Onsite PM,Ancillary,Fortescue,All - D10T,MSR Strategy-Repl D10T Cylinders (All),2027-06-01,2027-06-30,29 days,FY27,,,,,,,,,,,,CB MM LTP,missing join key (Function Location (Q))
,Onsite PM,Ancillary,Fortescue,,FY28 - ANCILLARY - COMPONENTS DURING PM,2027-07-01,,,FY28,,,,,,,,,,,,CB MM LTP,missing join key (Function Location (Q))
,Onsite PM,Ancillary,Fortescue,MOC,MAJOR ON CONDITION,2027-07-01,2028-06-30,365 days,FY28,,,,,,,,,,,,CB MM LTP,missing join key (Function Location (Q))
,Onsite PM,Ancillary,Fortescue,MOC,JULY,2027-07-01,2027-07-31,30 days,FY28,,,,,,,,,,,,CB MM LTP,missing join key (Function Location (Q))
,Onsite PM,Ancillary,Fortescue,MOC,AUGUST,2027-08-01,2027-08-31,30 days,FY28,,,,,,,,,,,,CB MM LTP,missing join key (Function Location (Q))
,Onsite PM,Ancillary,Fortescue,MOC,SEPTEMBER,2027-09-01,2027-09-30,29 days,FY28,,,,,,,,,,,,CB MM LTP,missing join key (Function Location (Q))
,Onsite PM,Ancillary,Fortescue,MOC,OCTOBER,2027-10-01,2027-10-31,30 days,FY28,,,,,,,,,,,,CB MM LTP,missing join key (Function Location (Q))
,Onsite PM,Ancillary,Fortescue,MOC,NOVEMBER,2027-11-01,2027-11-30,29 days,FY28,,,,,,,,,,,,CB MM LTP,missing join key (Function Location (Q))
,Onsite PM,Ancillary,Fortescue,MOC,DECEMBER,2027-12-01,2027-12-31,30 days,FY28,,,,,,,,,,,,CB MM LTP,missing join key (Function Location (Q))
,Onsite PM,Ancillary,Fortescue,MOC,JANUARY,2028-01-01,2028-01-31,30 days,FY28,,,,,,,,,,,,CB MM LTP,missing join key (Function Location (Q))
,Onsite PM,Ancillary,Fortescue,MOC,FEBRUARY,2028-02-01,2028-02-28,27 days,FY28,,,,,,,,,,,,CB MM LTP,missing join key (Function Location (Q))
,Onsite PM,Ancillary,Fortescue,MOC,MARCH,2028-03-01,2028-03-31,30 days,FY28,,,,,,,,,,,,CB MM LTP,missing join key (Function Location (Q))
,Onsite PM,Ancillary,Fortescue,MOC,APRIL,2028-04-01,2028-04-30,29 days,FY28,,,,,,,,,,,,CB MM LTP,missing join key (Function Location (Q))
,Onsite PM,Ancillary,Fortescue,MOC,MAY,2028-05-01,2028-05-31,30 days,FY28,,,,,,,,,,,,CB MM LTP,missing join key (Function Location (Q))
,Onsite PM,Ancillary,Fortescue,MOC,JUNE,2028-06-01,2028-06-30,29 days,FY28,,,,,,,,,,,,CB MM LTP,missing join key (Function Location (Q))
,Onsite PM,Ancillary,Fortescue,,FY29 - ANCILLARY - COMPONENTS DURING PM,2028-07-01,,,FY29,,,,,,,,,,,,CB MM LTP,missing join key (Function Location (Q))
,Onsite PM,Ancillary,Fortescue,MOC,MAJOR ON CONDITION,2028-07-01,2029-06-30,364 days,FY29,,,,,,,,,,,,CB MM LTP,missing join key (Function Location (Q))
,Onsite PM,Ancillary,Fortescue,MOC,JULY,2028-07-01,2028-07-31,30 days,FY29,,,,,,,,,,,,CB MM LTP,missing join key (Function Location (Q))
,Onsite PM,Ancillary,Fortescue,MOC,AUGUST,2028-08-01,2028-08-31,30 days,FY29,,,,,,,,,,,,CB MM LTP,missing join key (Function Location (Q))
,Onsite PM,Ancillary,Fortescue,MOC,SEPTEMBER,2028-09-01,2028-09-30,29 days,FY29,,,,,,,,,,,,CB MM LTP,missing join key (Function Location (Q))
,Onsite PM,Ancillary,Fortescue,MOC,OCTOBER,2028-10-01,2028-10-31,30 days,FY29,,,,,,,,,,,,CB MM LTP,missing join key (Function Location (Q))
,Onsite PM,Ancillary,Fortescue,MOC,NOVEMBER,2028-11-01,2028-11-30,29 days,FY29,,,,,,,,,,,,CB MM LTP,missing join key (Function Location (Q))
,Onsite PM,Ancillary,Fortescue,MOC,DECEMBER,2028-12-01,2028-12-31,30 days,FY29,,,,,,,,,,,,CB MM LTP,missing join key (Function Location (Q))
,Onsite PM,Ancillary,Fortescue,MOC,JANUARY,2029-01-01,2029-01-31,30 days,FY29,,,,,,,,,,,,CB MM LTP,missing join key (Function Location (Q))
,Onsite PM,Ancillary,Fortescue,MOC,FEBRUARY,2029-02-01,2029-02-28,27 days,FY29,,,,,,,,,,,,CB MM LTP,missing join key (Function Location (Q))
,Onsite PM,Ancillary,Fortescue,MOC,MARCH,2029-03-01,2029-03-31,30 days,FY29,,,,,,,,,,,,CB MM LTP,missing join key (Function Location (Q))
,Onsite PM,Ancillary,Fortescue,MOC,APRIL,2029-04-01,2029-04-30,29 days,FY29,,,,,,,,,,,,CB MM LTP,missing join key (Function Location (Q))
,Onsite PM,Ancillary,Fortescue,MOC,MAY,2029-05-01,2029-05-31,30 days,FY29,,,,,,,,,,,,CB MM LTP,missing join key (Function Location (Q))
,Onsite PM,Ancillary,Fortescue,MOC,JUNE,2029-06-01,2029-06-30,29 days,FY29,,,,,,,,,,,,CB MM LTP,missing join key (Function Location (Q))
,Onsite PM,Excavators,Fortescue,,EXCAVATORS - COMPONENTS DURING PM,,,,,,,,,,,,,,,,CB MM LTP,missing join key (Function Location (Q))
,Onsite PM,Excavators,Fortescue,,FY27 - EXCAVATORS - COMPONENTS DURING PM,2026-07-01,,,FY27,,,,,,,,,,,,CB MM LTP,missing join key (Function Location (Q))
,Onsite PM,Excavators,Fortescue,MOC,MAJOR ON CONDITION,2026-07-01,2027-07-01,8760 hrs,FY27,,,,,,,,,,,,CB MM LTP,missing join key (Function Location (Q))
,Onsite PM,Excavators,Fortescue,MOC,JULY,2026-07-01,2026-07-31,30 days,FY27,,,,,,,,,,,,CB MM LTP,missing join key (Function Location (Q))
All - Excavators,Onsite PM,Excavators,Fortescue,All - Excavators,6040/6060 Bucket Refurbishments,2026-07-01,2026-07-31,30 days,FY27,,,,,,,,,,,,CB MM LTP,missing join key (Function Location (Q))
All - Excavators,Onsite PM,Excavators,Fortescue,All - Excavators,6040/6060 Bucket Refurbishments,2026-07-01,2026-07-31,30 days,FY27,,,,,,,,,,,,CB MM LTP,missing join key (Function Location (Q))
6040,Onsite PM,Excavators,Fortescue,All - 6040,6040 Light Weight Bucket Trial,2026-07-01,2026-07-31,30 days,FY27,,,,,,,,,,,,CB MM LTP,missing join key (Function Location (Q))
6040,Onsite PM,Excavators,Fortescue,All - 6040,6040 Shell Change Out / Size Increasing,2026-07-01,2026-07-31,30 days,FY27,,,,,,,,,,,,CB MM LTP,missing join key (Function Location (Q))
,Onsite PM,Excavators,Fortescue,MOC,AUGUST,2026-08-01,2026-08-31,30 days,FY27,,,,,,,,,,,,CB MM LTP,missing join key (Function Location (Q))
All - R9400,Onsite PM,Excavators,Fortescue,All - R9400,9400 Onsite Bucket Refurbishment,2026-08-01,2026-08-31,30 days,FY27,,,,,,,,,,,,CB MM LTP,missing join key (Function Location (Q))
,Onsite PM,Excavators,Fortescue,MOC,SEPTEMBER,2026-09-01,2026-09-30,29 days,FY27,,,,,,,,,,,,CB MM LTP,missing join key (Function Location (Q))
,Onsite PM,Excavators,Fortescue,MOC,OCTOBER,2026-10-01,2026-10-31,30 days,FY27,,,,,,,,,,,,CB MM LTP,missing join key (Function Location (Q))
6040,Onsite PM,Excavators,Fortescue,All - 6040,6040 Car Body,2026-10-01,2026-10-31,30 days,FY27,,,,,,,,,,,,CB MM LTP,missing join key (Function Location (Q))
6040,Onsite PM,Excavators,Fortescue,All - 6040,6040 Track Frame Refurbishment,2026-10-01,2026-10-31,30 days,FY27,,,,,,,,,,,,CB MM LTP,missing join key (Function Location (Q))
6040,Onsite PM,Excavators,Fortescue,All - 6040,6040 Wide Track Groups,2026-10-01,2026-10-31,30 days,FY27,,,,,,,,,,,,CB MM LTP,missing join key (Function Location (Q))
All - Excavators,Onsite PM,Excavators,Fortescue,All - Excavators,All Diggers Rollers Provision,2026-10-01,2026-10-31,30 days,FY27,,,,,,,,,,,,CB MM LTP,missing join key (Function Location (Q))
6040,Onsite PM,Excavators,Fortescue,All - 6040,6040 Onsite Bucket Refurbishment,2026-10-01,2026-10-31,30 days,FY27,,,,,,,,,,,,CB MM LTP,missing join key (Function Location (Q))
6040,Onsite PM,Excavators,Fortescue,All - 6040,6040 Shell Change Out / Size Increasing,2026-10-01,2026-10-31,30 days,FY27,,,,,,,,,,,,CB MM LTP,missing join key (Function Location (Q))
All - Excavators,Onsite PM,Excavators,Fortescue,All - Excavators,6060 Onsite Bucket Refurbishment,2026-10-01,2026-10-31,30 days,FY27,,,,,,,,,,,,CB MM LTP,missing join key (Function Location (Q))
,Onsite PM,Excavators,Fortescue,MOC,NOVEMBER,2026-11-01,2026-11-30,29 days,FY27,,,,,,,,,,,,CB MM LTP,missing join key (Function Location (Q))
All - Excavators,Onsite PM,Excavators,Fortescue,All - Excavators,All Diggers Rollers Provision,2026-11-01,2026-11-30,29 days,FY27,,,,,,,,,,,,CB MM LTP,missing join key (Function Location (Q))
6040,Onsite PM,Excavators,Fortescue,All - 6040,6040 Bucket Shell/Lip Replacement,2026-11-01,2026-11-30,29 days,FY27,,,,,,,,,,,,CB MM LTP,missing join key (Function Location (Q))
,Onsite PM,Excavators,Fortescue,MOC,DECEMBER,2026-12-01,2026-12-31,30 days,FY27,,,,,,,,,,,,CB MM LTP,missing join key (Function Location (Q))
All - Excavators,Onsite PM,Excavators,Fortescue,All - Excavators,All Diggers Rollers Provision,2026-12-01,2026-12-31,30 days,FY27,,,,,,,,,,,,CB MM LTP,missing join key (Function Location (Q))
All - Excavators,Onsite PM,Excavators,Fortescue,All - Excavators,6040/6060 Lightweight Pin Retainers,2026-12-01,2026-12-31,30 days,FY27,,,,,,,,,,,,CB MM LTP,missing join key (Function Location (Q))
,Onsite PM,Excavators,Fortescue,MOC,JANUARY,2027-01-01,2027-01-31,30 days,FY27,,,,,,,,,,,,CB MM LTP,missing join key (Function Location (Q))
6040,Onsite PM,Excavators,Fortescue,All - 6040,6040 Wide Track Groups,2027-01-01,2027-01-31,30 days,FY27,,,,,,,,,,,,CB MM LTP,missing join key (Function Location (Q))
All - Excavators,Onsite PM,Excavators,Fortescue,All - Excavators,6040/6060 Slew Bearing,2027-01-01,2027-01-31,30 days,FY27,,,,,,,,,,,,CB MM LTP,missing join key (Function Location (Q))
6060,Onsite PM,Excavators,Fortescue,All - Excavators,6060 Boom Transfer,2027-01-01,2027-01-31,30 days,FY27,,,,,,,,,,,,CB MM LTP,missing join key (Function Location (Q))
All - Excavators,Onsite PM,Excavators,Fortescue,All - Excavators,All Diggers Rollers Provision,2027-01-01,2027-01-31,30 days,FY27,,,,,,,,,,,,CB MM LTP,missing join key (Function Location (Q))
6040,Onsite PM,Excavators,Fortescue,All - 6040,6040 Shell / Lip Replacement,2027-01-01,2027-01-31,30 days,FY27,,,,,,,,,,,,CB MM LTP,missing join key (Function Location (Q))
6040,Onsite PM,Excavators,Fortescue,All - 6040,6040 Shell Change Out / Size Increasing,2027-01-01,2027-01-31,30 days,FY27,,,,,,,,,,,,CB MM LTP,missing join key (Function Location (Q))
,Onsite PM,Excavators,Fortescue,MOC,FEBRUARY,2027-02-01,2027-02-28,27 days,FY27,,,,,,,,,,,,CB MM LTP,missing join key (Function Location (Q))
All - R9400,Onsite PM,Excavators,Fortescue,All - R9400,R9400 Tipping Links,2027-02-01,2027-02-28,27 days,FY27,,,,,,,,,,,,CB MM LTP,missing join key (Function Location (Q))
All - Excavators,Onsite PM,Excavators,Fortescue,All - Excavators,All Diggers Rollers Provision,2027-02-01,2027-02-28,27 days,FY27,,,,,,,,,,,,CB MM LTP,missing join key (Function Location (Q))
6040,Onsite PM,Excavators,Fortescue,All - 6040,6040 Onsite Bucket Refurbishment,2027-02-01,2027-02-28,27 days,FY27,,,,,,,,,,,,CB MM LTP,missing join key (Function Location (Q))
,Onsite PM,Excavators,Fortescue,MOC,MARCH,2027-03-01,2027-03-31,30 days,FY27,,,,,,,,,,,,CB MM LTP,missing join key (Function Location (Q))
All - Excavators,Onsite PM,Excavators,Fortescue,All - Excavators,All Diggers Rollers Provision,2027-03-01,2027-03-31,30 days,FY27,,,,,,,,,,,,CB MM LTP,missing join key (Function Location (Q))
All - Excavators,Onsite PM,Excavators,Fortescue,All - Excavators,6040/6060 Lightweight Pin Retainers,2027-03-01,2027-03-31,30 days,FY27,,,,,,,,,,,,CB MM LTP,missing join key (Function Location (Q))
,Onsite PM,Excavators,Fortescue,MOC,APRIL,2027-04-01,2027-04-30,29 days,FY27,,,,,,,,,,,,CB MM LTP,missing join key (Function Location (Q))
All - Excavators,Onsite PM,Excavators,Fortescue,All - Excavators,All Diggers Rollers Provision,2027-04-01,2027-04-30,29 days,FY27,,,,,,,,,,,,CB MM LTP,missing join key (Function Location (Q))
6040,Onsite PM,Excavators,Fortescue,All - 6040,6040 Shell Change Out / Size Increasing,2027-04-01,2027-04-30,29 days,FY27,,,,,,,,,,,,CB MM LTP,missing join key (Function Location (Q))
All - Excavators,Onsite PM,Excavators,Fortescue,All - Excavators,6060 Onsite Bucket Refurbishment,2027-04-01,2027-04-30,29 days,FY27,,,,,,,,,,,,CB MM LTP,missing join key (Function Location (Q))
,Onsite PM,Excavators,Fortescue,MOC,MAY,2027-05-01,2027-05-31,30 days,FY27,,,,,,,,,,,,CB MM LTP,missing join key (Function Location (Q))
All - Excavators,Onsite PM,Excavators,Fortescue,All - Excavators,All Diggers Rollers Provision,2027-05-01,2027-05-31,30 days,FY27,,,,,,,,,,,,CB MM LTP,missing join key (Function Location (Q))
,Onsite PM,Excavators,Fortescue,MOC,JUNE,2027-06-01,2027-06-30,29 days,FY27,,,,,,,,,,,,CB MM LTP,missing join key (Function Location (Q))
All - Excavators,Onsite PM,Excavators,Fortescue,All - Excavators,All Diggers Rollers Provision,2027-06-01,2027-06-30,29 days,FY27,,,,,,,,,,,,CB MM LTP,missing join key (Function Location (Q))
6040,Onsite PM,Excavators,Fortescue,All - 6040,6040 Onsite Bucket Refurbishment,2027-06-01,2027-06-30,29 days,FY27,,,,,,,,,,,,CB MM LTP,missing join key (Function Location (Q))
All - Excavators,Onsite PM,Excavators,Fortescue,All - Excavators,6040/6060 Lightweight Pin Retainers,2027-06-01,2027-06-30,29 days,FY27,,,,,,,,,,,,CB MM LTP,missing join key (Function Location (Q))
,Onsite PM,Excavators,Fortescue,,FY28 - EXCAVATORS - COMPONENTS DURING PM,2027-07-01,,,FY28,,,,,,,,,,,,CB MM LTP,missing join key (Function Location (Q))
,Onsite PM,Excavators,Fortescue,MOC,MAJOR ON CONDITION,2027-07-01,2028-06-30,8760 hrs,FY28,,,,,,,,,,,,CB MM LTP,missing join key (Function Location (Q))
,Onsite PM,Excavators,Fortescue,MOC,JULY,2027-07-01,2027-07-31,30 days,FY28,,,,,,,,,,,,CB MM LTP,missing join key (Function Location (Q))
,Onsite PM,Excavators,Fortescue,MOC,AUGUST,2027-08-01,2027-08-31,30 days,FY28,,,,,,,,,,,,CB MM LTP,missing join key (Function Location (Q))
,Onsite PM,Excavators,Fortescue,MOC,SEPTEMBER,2027-09-01,2027-09-30,29 days,FY28,,,,,,,,,,,,CB MM LTP,missing join key (Function Location (Q))
,Onsite PM,Excavators,Fortescue,MOC,OCTOBER,2027-10-01,2027-10-31,30 days,FY28,,,,,,,,,,,,CB MM LTP,missing join key (Function Location (Q))
,Onsite PM,Excavators,Fortescue,MOC,NOVEMBER,2027-11-01,2027-11-30,29 days,FY28,,,,,,,,,,,,CB MM LTP,missing join key (Function Location (Q))
,Onsite PM,Excavators,Fortescue,MOC,DECEMBER,2027-12-01,2027-12-31,30 days,FY28,,,,,,,,,,,,CB MM LTP,missing join key (Function Location (Q))
,Onsite PM,Excavators,Fortescue,MOC,JANUARY,2028-01-01,2028-01-31,30 days,FY28,,,,,,,,,,,,CB MM LTP,missing join key (Function Location (Q))
,Onsite PM,Excavators,Fortescue,MOC,FEBRUARY,2028-02-01,2028-02-28,27 days,FY28,,,,,,,,,,,,CB MM LTP,missing join key (Function Location (Q))
,Onsite PM,Excavators,Fortescue,MOC,MARCH,2028-03-01,2028-03-31,30 days,FY28,,,,,,,,,,,,CB MM LTP,missing join key (Function Location (Q))
,Onsite PM,Excavators,Fortescue,MOC,APRIL,2028-04-01,2028-04-30,29 days,FY28,,,,,,,,,,,,CB MM LTP,missing join key (Function Location (Q))
,Onsite PM,Excavators,Fortescue,MOC,MAY,2028-05-01,2028-05-31,30 days,FY28,,,,,,,,,,,,CB MM LTP,missing join key (Function Location (Q))
,Onsite PM,Excavators,Fortescue,MOC,JUNE,2028-06-01,2028-06-30,29 days,FY28,,,,,,,,,,,,CB MM LTP,missing join key (Function Location (Q))
,Onsite PM,Excavators,Fortescue,,FY29 - EXCAVATORS - COMPONENTS DURING PM,2028-07-01,,,FY29,,,,,,,,,,,,CB MM LTP,missing join key (Function Location (Q))
,Onsite PM,Excavators,Fortescue,MOC,MAJOR ON CONDITION,2028-07-01,2029-06-30,364 days,FY29,,,,,,,,,,,,CB MM LTP,missing join key (Function Location (Q))
,Onsite PM,Excavators,Fortescue,MOC,AUGUST,2028-08-01,2028-08-31,30 days,FY29,,,,,,,,,,,,CB MM LTP,missing join key (Function Location (Q))
,Onsite PM,Excavators,Fortescue,MOC,SEPTEMBER,2028-09-01,2028-09-30,29 days,FY29,,,,,,,,,,,,CB MM LTP,missing join key (Function Location (Q))
,Onsite PM,Excavators,Fortescue,MOC,OCTOBER,2028-10-01,2028-10-31,30 days,FY29,,,,,,,,,,,,CB MM LTP,missing join key (Function Location (Q))
,Onsite PM,Excavators,Fortescue,MOC,NOVEMBER,2028-11-01,2028-11-30,29 days,FY29,,,,,,,,,,,,CB MM LTP,missing join key (Function Location (Q))
,Onsite PM,Excavators,Fortescue,MOC,DECEMBER,2028-12-01,2028-12-31,30 days,FY29,,,,,,,,,,,,CB MM LTP,missing join key (Function Location (Q))
,Onsite PM,Excavators,Fortescue,MOC,JANUARY,2029-01-01,2029-01-31,30 days,FY29,,,,,,,,,,,,CB MM LTP,missing join key (Function Location (Q))
,Onsite PM,Excavators,Fortescue,MOC,FEBRUARY,2029-02-01,2029-02-28,27 days,FY29,,,,,,,,,,,,CB MM LTP,missing join key (Function Location (Q))
,Onsite PM,Excavators,Fortescue,MOC,MARCH,2029-03-01,2029-03-31,30 days,FY29,,,,,,,,,,,,CB MM LTP,missing join key (Function Location (Q))
,Onsite PM,Excavators,Fortescue,MOC,APRIL,2029-04-01,2029-04-30,29 days,FY29,,,,,,,,,,,,CB MM LTP,missing join key (Function Location (Q))
,Onsite PM,Excavators,Fortescue,MOC,MAY,2029-05-01,2029-05-31,30 days,FY29,,,,,,,,,,,,CB MM LTP,missing join key (Function Location (Q))
,Onsite PM,Excavators,Fortescue,MOC,JUNE,2029-06-01,2029-06-30,29 days,FY29,,,,,,,,,,,,CB MM LTP,missing join key (Function Location (Q))
,Onsite PM,Drills,Fortescue,,DRILLS - COMPONENTS DURING PM,,,,,,,,,,,,,,,,CB MM LTP,missing join key (Function Location (Q))
,Onsite PM,Drills,Fortescue,,FY27 - DRILLS - COMPONENTS DURING PM,2026-07-01,,,FY27,,,,,,,,,,,,CB MM LTP,missing join key (Function Location (Q))
,Onsite PM,Drills,Fortescue,MOC,MAJOR ON CONDITION,2026-07-01,2027-07-01,365 days,FY27,,,,,,,,,,,,CB MM LTP,missing join key (Function Location (Q))
,Onsite PM,Drills,Fortescue,MOC,JULY,2026-07-01,2026-07-31,30 days,FY27,,,,,,,,,,,,CB MM LTP,missing join key (Function Location (Q))
MD6310,Onsite PM,Drills,Fortescue,DR2131,MD6310 Cisco Radio Relocation,2026-07-01,2026-07-31,30 days,FY27,,,,,,,,,,,,CB MM LTP,missing join key (Function Location (Q))
MD6310,Onsite PM,Drills,Fortescue,DR2130,Vehicle Loading Crane (Repurposed HOBO Assembly),2026-07-01,2026-07-31,30 days,FY27,,,,,,,,,,,,CB MM LTP,missing join key (Function Location (Q))
MD6310,Onsite PM,Drills,Fortescue,All - MD6310,MD6310 access ladders,2026-07-01,2026-07-31,30 days,FY27,,,,,,,,,,,,CB MM LTP,missing join key (Function Location (Q))
PV271,Onsite PM,Drills,Fortescue,DR060,Water Tank Refill Chute,2026-07-01,2026-07-31,30 days,FY27,,,,,,,,,,,,CB MM LTP,missing join key (Function Location (Q))
MD6310,Onsite PM,Drills,Fortescue,DR2136,MD6310 Cisco Radio Relocation,2026-07-01,2026-07-31,30 days,FY27,,,,,,,,,,,,CB MM LTP,missing join key (Function Location (Q))
MD6310,Onsite PM,Drills,Fortescue,DR2136,Vehicle Loading Crane (Repurposed HOBO Assembly),2026-07-01,2026-07-31,30 days,FY27,,,,,,,,,,,,CB MM LTP,missing join key (Function Location (Q))
,Onsite PM,Drills,Fortescue,MOC,AUGUST,2026-08-01,2026-08-31,30 days,FY27,,,,,,,,,,,,CB MM LTP,missing join key (Function Location (Q))
PV271,Onsite PM,Drills,Fortescue,All - PV271,PV271 walkway corrosion,2026-08-01,2026-08-31,30 days,FY27,,,,,,,,,,,,CB MM LTP,missing join key (Function Location (Q))
All - Drills,Onsite PM,Drills,Fortescue,All - Drills,Pipe Positioner,2026-08-01,2026-08-31,30 days,FY27,,,,,,,,,,,,CB MM LTP,missing join key (Function Location (Q))
All - Drills,Onsite PM,Drills,Fortescue,All - Drills,AC Drain to Washer Bottle Mod,2026-08-01,2026-08-31,30 days,FY27,,,,,,,,,,,,CB MM LTP,missing join key (Function Location (Q))
,Onsite PM,Drills,Fortescue,MOC,SEPTEMBER,2026-09-01,2026-09-30,29 days,FY27,,,,,,,,,,,,CB MM LTP,missing join key (Function Location (Q))
All - Drills,Onsite PM,Drills,Fortescue,All - Drills,AC Drain to Washer Bottle Mod,2026-09-01,2026-09-30,29 days,FY27,,,,,,,,,,,,CB MM LTP,missing join key (Function Location (Q))
,Onsite PM,Drills,Fortescue,MOC,OCTOBER,2026-10-01,2026-10-31,30 days,FY27,,,,,,,,,,,,CB MM LTP,missing join key (Function Location (Q))
MD6310,Onsite PM,Drills,Fortescue,All - MD6310,MD Head Slide Upgrade Kit and Labour for Initial Install,2026-10-01,2026-10-31,30 days,FY27,,,,,,,,,,,,CB MM LTP,missing join key (Function Location (Q))
MD6310,Onsite PM,Drills,Fortescue,All - MD6310,MD6310 Carousel Onsite Refurb,2026-10-01,2026-10-31,30 days,FY27,,,,,,,,,,,,CB MM LTP,missing join key (Function Location (Q))
All - Drills,Onsite PM,Drills,Fortescue,All - Drills,AC Drain to Washer Bottle Mod,2026-10-01,2026-10-31,30 days,FY27,,,,,,,,,,,,CB MM LTP,missing join key (Function Location (Q))
MD6310,Onsite PM,Drills,Fortescue,All - MD6310,CAT Travelling Hose Net,2026-10-01,2026-10-31,30 days,FY27,,,,,,,,,,,,CB MM LTP,missing join key (Function Location (Q))
MD6310,Onsite PM,Drills,Fortescue,All - MD6310,Jack Leg Limit Switch MD Change Out,2026-10-01,2026-10-31,30 days,FY27,,,,,,,,,,,,CB MM LTP,missing join key (Function Location (Q))
MD6310,Onsite PM,Drills,Fortescue,All - MD6310,Platform VLC Modification,2026-10-01,2026-10-31,30 days,FY27,,,,,,,,,,,,CB MM LTP,missing join key (Function Location (Q))
,Onsite PM,Drills,Fortescue,MOC,NOVEMBER,2026-11-01,2026-11-30,29 days,FY27,,,,,,,,,,,,CB MM LTP,missing join key (Function Location (Q))
MD6310,Onsite PM,Drills,Fortescue,All - MD6310,MD Head Slide Upgrade Kit and Labour for Initial Install,2026-11-01,2026-11-30,29 days,FY27,,,,,,,,,,,,CB MM LTP,missing join key (Function Location (Q))
PV271,Onsite PM,Drills,Fortescue,All - PV271,PV 4 Hole Pump Drive Gear Box Upgrade,2026-11-01,2026-11-30,29 days,FY27,,,,,,,,,,,,CB MM LTP,missing join key (Function Location (Q))
All - Drills,Onsite PM,Drills,Fortescue,All - Drills,AC Drain to Washer Bottle Mod,2026-11-01,2026-11-30,29 days,FY27,,,,,,,,,,,,CB MM LTP,missing join key (Function Location (Q))
MD6310,Onsite PM,Drills,Fortescue,All - MD6310,CAT Travelling Hose Net,2026-11-01,2026-11-30,29 days,FY27,,,,,,,,,,,,CB MM LTP,missing join key (Function Location (Q))
MD6310,Onsite PM,Drills,Fortescue,All - MD6310,Jack Leg Limit Switch MD Change Out,2026-11-01,2026-11-30,29 days,FY27,,,,,,,,,,,,CB MM LTP,missing join key (Function Location (Q))
D65,Onsite PM,Drills,Fortescue,DR3126,Mast Clamp,2026-11-01,2026-11-30,29 days,FY27,,,,,,,,,,,,CB MM LTP,missing join key (Function Location (Q))
MD6310,Onsite PM,Drills,Fortescue,All - MD6310,Pipe Positioner,2026-11-01,2026-11-30,29 days,FY27,,,,,,,,,,,,CB MM LTP,missing join key (Function Location (Q))
MD6310,Onsite PM,Drills,Fortescue,All - MD6310,Platform VLC Modification,2026-11-01,2026-11-30,29 days,FY27,,,,,,,,,,,,CB MM LTP,missing join key (Function Location (Q))
,Onsite PM,Drills,Fortescue,MOC,DECEMBER,2026-12-01,2026-12-31,30 days,FY27,,,,,,,,,,,,CB MM LTP,missing join key (Function Location (Q))
PV271,Onsite PM,Drills,Fortescue,DR060,"C27, 2600cfm LP Conversion (Line up with Engine replacement)",2026-12-01,2026-12-31,30 days,FY27,,,,,,,,,,,,CB MM LTP,missing join key (Function Location (Q))
MD6310,Onsite PM,Drills,Fortescue,All - MD6310,MD Head Slide Upgrade Kit and Labour for Initial Install,2026-12-01,2026-12-31,30 days,FY27,,,,,,,,,,,,CB MM LTP,missing join key (Function Location (Q))
PV271,Onsite PM,Drills,Fortescue,DR061,PV271 Cab Corrosion,2026-12-01,2026-12-31,30 days,FY27,,,,,,,,,,,,CB MM LTP,missing join key (Function Location (Q))
All - Drills,Onsite PM,Drills,Fortescue,All - Drills,AC Drain to Washer Bottle Mod,2026-12-01,2026-12-31,30 days,FY27,,,,,,,,,,,,CB MM LTP,missing join key (Function Location (Q))
MD6310,Onsite PM,Drills,Fortescue,All - MD6310,CAT Travelling Hose Net,2026-12-01,2026-12-31,30 days,FY27,,,,,,,,,,,,CB MM LTP,missing join key (Function Location (Q))
MD6310,Onsite PM,Drills,Fortescue,All - MD6310,Jack Leg Limit Switch MD Change Out,2026-12-01,2026-12-31,30 days,FY27,,,,,,,,,,,,CB MM LTP,missing join key (Function Location (Q))
D65,Onsite PM,Drills,Fortescue,DR3126,Mast Clamp,2026-12-01,2026-12-31,30 days,FY27,,,,,,,,,,,,CB MM LTP,missing join key (Function Location (Q))
MD6310,Onsite PM,Drills,Fortescue,All - MD6310,Platform VLC Modification,2026-12-01,2026-12-31,30 days,FY27,,,,,,,,,,,,CB MM LTP,missing join key (Function Location (Q))
,Onsite PM,Drills,Fortescue,MOC,JANUARY,2027-01-01,2027-01-31,30 days,FY27,,,,,,,,,,,,CB MM LTP,missing join key (Function Location (Q))
MD6310,Onsite PM,Drills,Fortescue,All - MD6310,MD Head Slide Upgrade Kit and Labour for Initial Install,2027-01-01,2027-01-31,30 days,FY27,,,,,,,,,,,,CB MM LTP,missing join key (Function Location (Q))
All - Drills,Onsite PM,Drills,Fortescue,All - Drills,AC Drain to Washer Bottle Mod,2027-01-01,2027-01-31,30 days,FY27,,,,,,,,,,,,CB MM LTP,missing join key (Function Location (Q))
MD6310,Onsite PM,Drills,Fortescue,All - MD6310,CAT Travelling Hose Net,2027-01-01,2027-01-31,30 days,FY27,,,,,,,,,,,,CB MM LTP,missing join key (Function Location (Q))
MD6310,Onsite PM,Drills,Fortescue,All - MD6310,Jack Leg Limit Switch MD Change Out,2027-01-01,2027-01-31,30 days,FY27,,,,,,,,,,,,CB MM LTP,missing join key (Function Location (Q))
MD6310,Onsite PM,Drills,Fortescue,All - MD6310,Platform VLC Modification,2027-01-01,2027-01-31,30 days,FY27,,,,,,,,,,,,CB MM LTP,missing join key (Function Location (Q))
MD6310,Onsite PM,Drills,Fortescue,All - MD6310,Rod Wipe R&D,2027-01-01,2027-01-31,30 days,FY27,,,,,,,,,,,,CB MM LTP,missing join key (Function Location (Q))
,Onsite PM,Drills,Fortescue,MOC,FEBRUARY,2027-02-01,2027-02-28,27 days,FY27,,,,,,,,,,,,CB MM LTP,missing join key (Function Location (Q))
MD6310,Onsite PM,Drills,Fortescue,All - MD6310,MD Head Slide Upgrade Kit and Labour for Initial Install,2027-02-01,2027-02-28,27 days,FY27,,,,,,,,,,,,CB MM LTP,missing join key (Function Location (Q))
All - Drills,Onsite PM,Drills,Fortescue,All - Drills,AC Drain to Washer Bottle Mod,2027-02-01,2027-02-28,27 days,FY27,,,,,,,,,,,,CB MM LTP,missing join key (Function Location (Q))
MD6310,Onsite PM,Drills,Fortescue,All - MD6310,CAT Travelling Hose Net,2027-02-01,2027-02-28,27 days,FY27,,,,,,,,,,,,CB MM LTP,missing join key (Function Location (Q))
MD6310,Onsite PM,Drills,Fortescue,All - MD6310,Jack Leg Limit Switch MD Change Out,2027-02-01,2027-02-28,27 days,FY27,,,,,,,,,,,,CB MM LTP,missing join key (Function Location (Q))
MD6310,Onsite PM,Drills,Fortescue,All - MD6310,Platform VLC Modification,2027-02-01,2027-02-28,27 days,FY27,,,,,,,,,,,,CB MM LTP,missing join key (Function Location (Q))
,Onsite PM,Drills,Fortescue,MOC,MARCH,2027-03-01,2027-03-31,30 days,FY27,,,,,,,,,,,,CB MM LTP,missing join key (Function Location (Q))
MD6310,Onsite PM,Drills,Fortescue,All - MD6310,MD Head Slide Upgrade Kit and Labour for Initial Install,2027-03-01,2027-03-31,30 days,FY27,,,,,,,,,,,,CB MM LTP,missing join key (Function Location (Q))
MD6310,Onsite PM,Drills,Fortescue,All - MD6310,MD6310 Carousel Onsite Refurb,2027-03-01,2027-03-31,30 days,FY27,,,,,,,,,,,,CB MM LTP,missing join key (Function Location (Q))
All - Drills,Onsite PM,Drills,Fortescue,All - Drills,AC Drain to Washer Bottle Mod,2027-03-01,2027-03-31,30 days,FY27,,,,,,,,,,,,CB MM LTP,missing join key (Function Location (Q))
MD6310,Onsite PM,Drills,Fortescue,All - MD6310,CAT Travelling Hose Net,2027-03-01,2027-03-31,30 days,FY27,,,,,,,,,,,,CB MM LTP,missing join key (Function Location (Q))
MD6310,Onsite PM,Drills,Fortescue,All - MD6310,Jack Leg Limit Switch MD Change Out,2027-03-01,2027-03-31,30 days,FY27,,,,,,,,,,,,CB MM LTP,missing join key (Function Location (Q))
MD6310,Onsite PM,Drills,Fortescue,All - MD6310,Platform VLC Modification,2027-03-01,2027-03-31,30 days,FY27,,,,,,,,,,,,CB MM LTP,missing join key (Function Location (Q))
,Onsite PM,Drills,Fortescue,,FY28 - DRILLS - COMPONENTS DURING PM,2027-07-01,,,FY28,,,,,,,,,,,,CB MM LTP,missing join key (Function Location (Q))
,Onsite PM,Drills,Fortescue,MOC,MAJOR ON CONDITION,2027-07-01,2028-06-30,365 days,FY28,,,,,,,,,,,,CB MM LTP,missing join key (Function Location (Q))
,Onsite PM,Drills,Fortescue,MOC,JULY,2027-07-01,2027-07-31,30 days,FY28,,,,,,,,,,,,CB MM LTP,missing join key (Function Location (Q))
,Onsite PM,Drills,Fortescue,MOC,AUGUST,2027-08-01,2027-08-31,30 days,FY28,,,,,,,,,,,,CB MM LTP,missing join key (Function Location (Q))
,Onsite PM,Drills,Fortescue,MOC,SEPTEMBER,2027-09-01,2027-09-30,29 days,FY28,,,,,,,,,,,,CB MM LTP,missing join key (Function Location (Q))
,Onsite PM,Drills,Fortescue,MOC,OCTOBER,2027-10-01,2027-10-31,30 days,FY28,,,,,,,,,,,,CB MM LTP,missing join key (Function Location (Q))
,Onsite PM,Drills,Fortescue,MOC,NOVEMBER,2027-11-01,2027-11-30,29 days,FY28,,,,,,,,,,,,CB MM LTP,missing join key (Function Location (Q))
,Onsite PM,Drills,Fortescue,MOC,DECEMBER,2027-12-01,2027-12-31,30 days,FY28,,,,,,,,,,,,CB MM LTP,missing join key (Function Location (Q))
,Onsite PM,Drills,Fortescue,MOC,JANUARY,2028-01-01,2028-01-31,30 days,FY28,,,,,,,,,,,,CB MM LTP,missing join key (Function Location (Q))
,Onsite PM,Drills,Fortescue,MOC,FEBRUARY,2028-02-01,2028-02-28,27 days,FY28,,,,,,,,,,,,CB MM LTP,missing join key (Function Location (Q))
,Onsite PM,Drills,Fortescue,MOC,MARCH,2028-03-01,2028-03-31,30 days,FY28,,,,,,,,,,,,CB MM LTP,missing join key (Function Location (Q))
,Onsite PM,Drills,Fortescue,MOC,APRIL,2028-04-01,2028-04-30,29 days,FY28,,,,,,,,,,,,CB MM LTP,missing join key (Function Location (Q))
,Onsite PM,Drills,Fortescue,MOC,MAY,2028-05-01,2028-05-31,30 days,FY28,,,,,,,,,,,,CB MM LTP,missing join key (Function Location (Q))
,Onsite PM,Drills,Fortescue,MOC,JUNE,2028-06-01,2028-06-30,29 days,FY28,,,,,,,,,,,,CB MM LTP,missing join key (Function Location (Q))
,Onsite PM,Drills,Fortescue,,FY29 - DRILLS - COMPONENTS DURING PM,2028-07-01,,,FY29,,,,,,,,,,,,CB MM LTP,missing join key (Function Location (Q))
,Onsite PM,Drills,Fortescue,MOC,MAJOR ON CONDITION,2028-07-01,2029-07-01,365 days,FY29,,,,,,,,,,,,CB MM LTP,missing join key (Function Location (Q))
,Onsite PM,Drills,Fortescue,MOC,JULY,2028-07-01,2028-07-31,30 days,FY29,,,,,,,,,,,,CB MM LTP,missing join key (Function Location (Q))
,Onsite PM,Drills,Fortescue,MOC,AUGUST,2028-08-01,2028-08-31,30 days,FY29,,,,,,,,,,,,CB MM LTP,missing join key (Function Location (Q))
,Onsite PM,Drills,Fortescue,MOC,SEPTEMBER,2028-09-01,2028-09-30,29 days,FY29,,,,,,,,,,,,CB MM LTP,missing join key (Function Location (Q))
,Onsite PM,Drills,Fortescue,MOC,OCTOBER,2028-10-01,2028-10-31,30 days,FY29,,,,,,,,,,,,CB MM LTP,missing join key (Function Location (Q))
,Onsite PM,Drills,Fortescue,MOC,NOVEMBER,2028-11-01,2028-11-30,29 days,FY29,,,,,,,,,,,,CB MM LTP,missing join key (Function Location (Q))
,Onsite PM,Drills,Fortescue,MOC,DECEMBER,2028-12-01,2028-12-31,30 days,FY29,,,,,,,,,,,,CB MM LTP,missing join key (Function Location (Q))
,Onsite PM,Drills,Fortescue,MOC,JANUARY,2029-01-01,2029-01-31,30 days,FY29,,,,,,,,,,,,CB MM LTP,missing join key (Function Location (Q))
,Onsite PM,Drills,Fortescue,MOC,FEBRUARY,2029-02-01,2029-02-28,27 days,FY29,,,,,,,,,,,,CB MM LTP,missing join key (Function Location (Q))
,Onsite PM,Drills,Fortescue,MOC,MARCH,2029-03-01,2029-03-31,30 days,FY29,,,,,,,,,,,,CB MM LTP,missing join key (Function Location (Q))
,Onsite PM,Drills,Fortescue,MOC,APRIL,2029-04-01,2029-04-30,29 days,FY29,,,,,,,,,,,,CB MM LTP,missing join key (Function Location (Q))
,Onsite PM,Drills,Fortescue,MOC,MAY,2029-05-01,2029-05-31,30 days,FY29,,,,,,,,,,,,CB MM LTP,missing join key (Function Location (Q))
,Onsite PM,Drills,Fortescue,MOC,JUNE,2029-06-01,2029-06-30,29 days,FY29,,,,,,,,,,,,CB MM LTP,missing join key (Function Location (Q))
,Onsite PM,Haul,Fortescue,,HAUL - COMPONENTS DURING PM,,,,,,,,,,,,,,,,CB MM LTP,missing join key (Function Location (Q))
,Onsite PM,Haul,Fortescue,,FY27 - HAUL - COMPONENTS DURING PM,2026-07-01,,,FY27,,,,,,,,,,,,CB MM LTP,missing join key (Function Location (Q))
,Onsite PM,Haul,Fortescue,MOC,MAJOR ON CONDITION,2026-07-01,2027-07-01,365 days,FY27,,,,,,,,,,,,CB MM LTP,missing join key (Function Location (Q))
,Onsite PM,Haul,Fortescue,MOC,JULY,2026-07-01,2026-07-31,30 days,FY27,,,,,,,,,,,,CB MM LTP,missing join key (Function Location (Q))
793C,Onsite PM,Haul,Fortescue,LL0002,LL0002/PM0004 Structural Repairs,2026-07-01,2026-07-31,30 days,FY27,,,,,,,,,,,,CB MM LTP,missing join key (Function Location (Q))
T264,Onsite PM,Haul,Fortescue,DT5404,Liebherr T264 Engine Injector Harnesses,2026-07-01,2026-07-31,30 days,FY27,,,,,,,,,,,,CB MM LTP,missing join key (Function Location (Q))
789D,Onsite PM,Haul,Fortescue,DT197,789D Haul Trucks Electrical MSR G20 - July assumption rolled forward,2026-07-01,2026-07-31,30 days,FY27,,,,,,,,,,,,CB MM LTP,missing join key (Function Location (Q))
All - Haul,Onsite PM,Haul,Fortescue,LL0003,Repurposed: LL0003 Remote & Hardware Replacement,2026-07-01,2026-07-31,30 days,FY27,,,,,,,,,,,,CB MM LTP,missing join key (Function Location (Q))
789D,Onsite PM,Haul,Fortescue,DT172,789D Haul Trucks Electrical MSR G20 - July assumption rolled forward,2026-07-01,2026-07-31,30 days,FY27,,,,,,,,,,,,CB MM LTP,missing join key (Function Location (Q))
789D,Onsite PM,Haul,Fortescue,All - 789D,CMD 789D GPS Antennas,2026-07-01,2026-07-31,30 days,FY27,,,,,,,,,,,,CB MM LTP,missing join key (Function Location (Q))
All - Haul,Onsite PM,Haul,Fortescue,All - Haul,Lidar Replacements -BER Planning,2026-07-01,2026-07-31,30 days,FY27,,,,,,,,,,,,CB MM LTP,missing join key (Function Location (Q))
T264,Onsite PM,Haul,Fortescue,All - T264,T264 Warranty Provision - CB,2026-07-01,2026-07-31,30 days,FY27,,,,,,,,,,,,CB MM LTP,missing join key (Function Location (Q))
789D,Onsite PM,Haul,Fortescue,All - 789D,CAT 789 Header Tank + Platforms,2026-07-01,2026-07-31,30 days,FY27,,,,,,,,,,,,CB MM LTP,missing join key (Function Location (Q))
789D,Onsite PM,Haul,Fortescue,All - 789D,CAT 789 Hydraulic Pipes,2026-07-01,2026-07-31,30 days,FY27,,,,,,,,,,,,CB MM LTP,missing join key (Function Location (Q))
789D,Onsite PM,Haul,Fortescue,All - 789D,CAT 789 RH Fender Replacement,2026-07-01,2026-07-31,30 days,FY27,,,,,,,,,,,,CB MM LTP,missing join key (Function Location (Q))
T264,Onsite PM,Haul,Fortescue,All - T264,Liebherr T264 Exhaust Components,2026-07-01,2026-07-31,30 days,FY27,,,,,,,,,,,,CB MM LTP,missing join key (Function Location (Q))
T264,Onsite PM,Haul,Fortescue,All - T264,Liebherr T264 Front Wheel Speed Sensor Harness,2026-07-01,2026-07-31,30 days,FY27,,,,,,,,,,,,CB MM LTP,missing join key (Function Location (Q))
789D,Onsite PM,Haul,Fortescue,All - 789D,Light Weight Tray Wear Packages,2026-07-01,2026-07-31,30 days,FY27,,,,,,,,,,,,CB MM LTP,missing join key (Function Location (Q))
789D,Onsite PM,Haul,Fortescue,All - 789D,CAT 789 A- Frame Replacement,2026-07-01,2026-07-31,30 days,FY27,,,,,,,,,,,,CB MM LTP,missing join key (Function Location (Q))
,Onsite PM,Haul,Fortescue,MOC,AUGUST,2026-08-01,2026-08-31,30 days,FY27,,,,,,,,,,,,CB MM LTP,missing join key (Function Location (Q))
789D,Onsite PM,Haul,Fortescue,All - 789D,789D Exhaust System and Lagging,2026-07-01,2026-07-31,30 days,FY27,,,,,,,,,,,,CB MM LTP,missing join key (Function Location (Q))
789D,Onsite PM,Haul,Fortescue,All - 789D,CMD 789D Radar Box Replacement,2026-08-01,2026-08-31,30 days,FY27,,,,,,,,,,,,CB MM LTP,missing join key (Function Location (Q))
789D,Onsite PM,Haul,Fortescue,DT169,CAT 789 Axle Housing Replacement,2026-08-01,2026-08-31,30 days,FY27,,,,,,,,,,,,CB MM LTP,missing join key (Function Location (Q))
All - Haul,Onsite PM,Haul,Fortescue,All - Haul,Lidar Replacements -BER Planning,2026-08-01,2026-08-31,30 days,FY27,,,,,,,,,,,,CB MM LTP,missing join key (Function Location (Q))
T264,Onsite PM,Haul,Fortescue,All - T264,Liebherr T264 Chassis Harnesses,2026-08-01,2026-08-31,30 days,FY27,,,,,,,,,,,,CB MM LTP,missing join key (Function Location (Q))
T264,Onsite PM,Haul,Fortescue,All - T264,Liebherr T264 Fuel Tanks,2026-08-01,2026-08-31,30 days,FY27,,,,,,,,,,,,CB MM LTP,missing join key (Function Location (Q))
T264,Onsite PM,Haul,Fortescue,All - T264,T264 Warranty Provision - CB,2026-08-01,2026-08-31,30 days,FY27,,,,,,,,,,,,CB MM LTP,missing join key (Function Location (Q))
789D,Onsite PM,Haul,Fortescue,All - 789D,CAT 789 Hydraulic Pipes,2026-08-01,2026-08-31,30 days,FY27,,,,,,,,,,,,CB MM LTP,missing join key (Function Location (Q))
789D,Onsite PM,Haul,Fortescue,All - 789D,CAT 789 RH Fender Replacement,2026-08-01,2026-08-31,30 days,FY27,,,,,,,,,,,,CB MM LTP,missing join key (Function Location (Q))
T264,Onsite PM,Haul,Fortescue,All - T264,Liebherr T264 Access Ladders,2026-08-01,2026-08-31,30 days,FY27,,,,,,,,,,,,CB MM LTP,missing join key (Function Location (Q))
T264,Onsite PM,Haul,Fortescue,All - T264,Liebherr T264 Engine Injector Harnesses,2026-08-01,2026-08-31,30 days,FY27,,,,,,,,,,,,CB MM LTP,missing join key (Function Location (Q))
T264,Onsite PM,Haul,Fortescue,All - T264,Liebherr T264 Exhaust Components,2026-08-01,2026-08-31,30 days,FY27,,,,,,,,,,,,CB MM LTP,missing join key (Function Location (Q))
T264,Onsite PM,Haul,Fortescue,All - T264,Liebherr T264 Front Wheel Speed Sensor Harness,2026-08-01,2026-08-31,30 days,FY27,,,,,,,,,,,,CB MM LTP,missing join key (Function Location (Q))
789D,Onsite PM,Haul,Fortescue,All - 789D,CAT 789 Bell Crank Replacement,2026-08-01,2026-08-31,30 days,FY27,,,,,,,,,,,,CB MM LTP,missing join key (Function Location (Q))
,Onsite PM,Haul,Fortescue,MOC,SEPTEMBER,2026-09-01,2026-09-30,29 days,FY27,,,,,,,,,,,,CB MM LTP,missing join key (Function Location (Q))
789D,Onsite PM,Haul,Fortescue,All - 789D,CAT 789 Steering Arms,2026-09-01,2026-09-30,29 days,FY27,,,,,,,,,,,,CB MM LTP,missing join key (Function Location (Q))
All - Haul,Onsite PM,Haul,Fortescue,All - Haul,Lidar Replacements -BER Planning,2026-09-01,2026-09-30,29 days,FY27,,,,,,,,,,,,CB MM LTP,missing join key (Function Location (Q))
T264,Onsite PM,Haul,Fortescue,All - T264,Liebherr T264 Chassis Harnesses,2026-09-01,2026-09-30,29 days,FY27,,,,,,,,,,,,CB MM LTP,missing join key (Function Location (Q))
T264,Onsite PM,Haul,Fortescue,All - T264,T264 Warranty Provision - CB,2026-09-01,2026-09-30,29 days,FY27,,,,,,,,,,,,CB MM LTP,missing join key (Function Location (Q))
789D,Onsite PM,Haul,Fortescue,All - 789D,789D Exhaust System and Lagging,2026-09-01,2026-09-30,29 days,FY27,,,,,,,,,,,,CB MM LTP,missing join key (Function Location (Q))
789D,Onsite PM,Haul,Fortescue,All - 789D,CAT 789 Hydraulic Pipes,2026-09-01,2026-09-30,29 days,FY27,,,,,,,,,,,,CB MM LTP,missing join key (Function Location (Q))
T264,Onsite PM,Haul,Fortescue,All - T264,Liebherr T264 Access Ladders,2026-09-01,2026-09-30,29 days,FY27,,,,,,,,,,,,CB MM LTP,missing join key (Function Location (Q))
T264,Onsite PM,Haul,Fortescue,All - T264,Liebherr T264 Engine Injector Harnesses,2026-09-01,2026-09-30,29 days,FY27,,,,,,,,,,,,CB MM LTP,missing join key (Function Location (Q))
T264,Onsite PM,Haul,Fortescue,All - T264,Liebherr T264 Exhaust Components,2026-09-01,2026-09-30,29 days,FY27,,,,,,,,,,,,CB MM LTP,missing join key (Function Location (Q))
T264,Onsite PM,Haul,Fortescue,All - T264,Liebherr T264 Front Wheel Speed Sensor Harness,2026-09-01,2026-09-30,29 days,FY27,,,,,,,,,,,,CB MM LTP,missing join key (Function Location (Q))
789D,Onsite PM,Haul,Fortescue,All - 789D,Light Weight Tray Wear Packages,2026-09-01,2026-09-30,29 days,FY27,,,,,,,,,,,,CB MM LTP,missing join key (Function Location (Q))
793C,Onsite PM,Haul,Fortescue,LL0002,LL0002/PM0004 Wood Decking Repairs,2026-09-01,2026-09-30,29 days,FY27,,,,,,,,,,,,CB MM LTP,missing join key (Function Location (Q))
,Onsite PM,Haul,Fortescue,MOC,OCTOBER,2026-10-01,2026-10-31,30 days,FY27,,,,,,,,,,,,CB MM LTP,missing join key (Function Location (Q))
789D,Onsite PM,Haul,Fortescue,All - 789D,CAT 789 Air Boxes Replacement,2026-10-01,2026-10-31,30 days,FY27,,,,,,,,,,,,CB MM LTP,missing join key (Function Location (Q))
789D,Onsite PM,Haul,Fortescue,All - 789D,CAT 789 Chassis Harness Replacement,2026-10-01,2026-10-31,30 days,FY27,,,,,,,,,,,,CB MM LTP,missing join key (Function Location (Q))
All - Haul,Onsite PM,Haul,Fortescue,All - Haul,Lidar Replacements -BER Planning,2026-10-01,2026-10-31,30 days,FY27,,,,,,,,,,,,CB MM LTP,missing join key (Function Location (Q))
T264,Onsite PM,Haul,Fortescue,All - T264,Liebherr T264 Chassis Harnesses,2026-10-01,2026-10-31,30 days,FY27,,,,,,,,,,,,CB MM LTP,missing join key (Function Location (Q))
T264,Onsite PM,Haul,Fortescue,All - T264,T264 Warranty Provision - CB,2026-10-01,2026-10-31,30 days,FY27,,,,,,,,,,,,CB MM LTP,missing join key (Function Location (Q))
789D,Onsite PM,Haul,Fortescue,All - 789D,789D Exhaust System and Lagging,2026-10-01,2026-10-31,30 days,FY27,,,,,,,,,,,,CB MM LTP,missing join key (Function Location (Q))
789D,Onsite PM,Haul,Fortescue,All - 789D,Cat 789 Access Ladder/ Platform/ Walkways Replacement,2026-10-01,2026-10-31,30 days,FY27,,,,,,,,,,,,CB MM LTP,missing join key (Function Location (Q))
789D,Onsite PM,Haul,Fortescue,All - 789D,CAT 789 Header Tank + Platforms,2026-10-01,2026-10-31,30 days,FY27,,,,,,,,,,,,CB MM LTP,missing join key (Function Location (Q))
789D,Onsite PM,Haul,Fortescue,All - 789D,CAT 789 Hydraulic Pipes,2026-10-01,2026-10-31,30 days,FY27,,,,,,,,,,,,CB MM LTP,missing join key (Function Location (Q))
789D,Onsite PM,Haul,Fortescue,All - 789D,CAT 789 RH Fender Replacement,2026-10-01,2026-10-31,30 days,FY27,,,,,,,,,,,,CB MM LTP,missing join key (Function Location (Q))
T264,Onsite PM,Haul,Fortescue,All - T264,Liebherr T264 Access Ladders,2026-10-01,2026-10-31,30 days,FY27,,,,,,,,,,,,CB MM LTP,missing join key (Function Location (Q))
T264,Onsite PM,Haul,Fortescue,All - T264,Liebherr T264 Engine Injector Harnesses,2026-10-01,2026-10-31,30 days,FY27,,,,,,,,,,,,CB MM LTP,missing join key (Function Location (Q))
T264,Onsite PM,Haul,Fortescue,All - T264,Liebherr T264 Exhaust Components,2026-10-01,2026-10-31,30 days,FY27,,,,,,,,,,,,CB MM LTP,missing join key (Function Location (Q))
T264,Onsite PM,Haul,Fortescue,All - T264,Liebherr T264 Front Wheel Speed Sensor Harness,2026-10-01,2026-10-31,30 days,FY27,,,,,,,,,,,,CB MM LTP,missing join key (Function Location (Q))
789D,Onsite PM,Haul,Fortescue,All - 789D,Light Weight Tray Wear Packages,2026-10-01,2026-10-31,30 days,FY27,,,,,,,,,,,,CB MM LTP,missing join key (Function Location (Q))
,Onsite PM,Haul,Fortescue,MOC,NOVEMBER,2026-11-01,2026-11-30,29 days,FY27,,,,,,,,,,,,CB MM LTP,missing join key (Function Location (Q))
789D,Onsite PM,Haul,Fortescue,All - 789D,CAT 789 A- Frame Replacement,2026-11-01,2026-11-30,29 days,FY27,,,,,,,,,,,,CB MM LTP,missing join key (Function Location (Q))
789D,Onsite PM,Haul,Fortescue,All - 789D,CAT 789 Air Boxes Replacement,2026-11-01,2026-11-30,29 days,FY27,,,,,,,,,,,,CB MM LTP,missing join key (Function Location (Q))
789D,Onsite PM,Haul,Fortescue,All - 789D,CAT 789 Bell Crank Replacement,2026-11-01,2026-11-30,29 days,FY27,,,,,,,,,,,,CB MM LTP,missing join key (Function Location (Q))
789D,Onsite PM,Haul,Fortescue,All - 789D,CAT 789 Chassis Harness Replacement,2026-11-01,2026-11-30,29 days,FY27,,,,,,,,,,,,CB MM LTP,missing join key (Function Location (Q))
789D,Onsite PM,Haul,Fortescue,All - 789D,CAT 789 Steering Arms,2026-11-01,2026-11-30,29 days,FY27,,,,,,,,,,,,CB MM LTP,missing join key (Function Location (Q))
All - Haul,Onsite PM,Haul,Fortescue,All - Haul,Lidar Replacements -BER Planning,2026-11-01,2026-11-30,29 days,FY27,,,,,,,,,,,,CB MM LTP,missing join key (Function Location (Q))
T264,Onsite PM,Haul,Fortescue,All - T264,Liebherr T264 Chassis Harnesses,2026-11-01,2026-11-30,29 days,FY27,,,,,,,,,,,,CB MM LTP,missing join key (Function Location (Q))
T264,Onsite PM,Haul,Fortescue,All - T264,Liebherr T264 Fuel Tanks,2026-11-01,2026-11-30,29 days,FY27,,,,,,,,,,,,CB MM LTP,missing join key (Function Location (Q))
T264,Onsite PM,Haul,Fortescue,All - T264,T264 Warranty Provision - CB,2026-11-01,2026-11-30,29 days,FY27,,,,,,,,,,,,CB MM LTP,missing join key (Function Location (Q))
789D,Onsite PM,Haul,Fortescue,All - 789D,789D Exhaust System and Lagging,2026-11-01,2026-11-30,29 days,FY27,,,,,,,,,,,,CB MM LTP,missing join key (Function Location (Q))
789D,Onsite PM,Haul,Fortescue,All - 789D,Cat 789 Access Ladder/ Platform/ Walkways Replacement,2026-11-01,2026-11-30,29 days,FY27,,,,,,,,,,,,CB MM LTP,missing join key (Function Location (Q))
789D,Onsite PM,Haul,Fortescue,All - 789D,CAT 789 Header Tank + Platforms,2026-11-01,2026-11-30,29 days,FY27,,,,,,,,,,,,CB MM LTP,missing join key (Function Location (Q))
789D,Onsite PM,Haul,Fortescue,All - 789D,CAT 789 Hydraulic Pipes,2026-11-01,2026-11-30,29 days,FY27,,,,,,,,,,,,CB MM LTP,missing join key (Function Location (Q))
T264,Onsite PM,Haul,Fortescue,All - T264,Liebherr T264 Access Ladders,2026-11-01,2026-11-30,29 days,FY27,,,,,,,,,,,,CB MM LTP,missing join key (Function Location (Q))
T264,Onsite PM,Haul,Fortescue,All - T264,Liebherr T264 Engine Injector Harnesses,2026-11-01,2026-11-30,29 days,FY27,,,,,,,,,,,,CB MM LTP,missing join key (Function Location (Q))
T264,Onsite PM,Haul,Fortescue,All - T264,Liebherr T264 Exhaust Components,2026-11-01,2026-11-30,29 days,FY27,,,,,,,,,,,,CB MM LTP,missing join key (Function Location (Q))
T264,Onsite PM,Haul,Fortescue,All - T264,Liebherr T264 Front Wheel Speed Sensor Harness,2026-11-01,2026-11-30,29 days,FY27,,,,,,,,,,,,CB MM LTP,missing join key (Function Location (Q))
785D,Onsite PM,Haul,Fortescue,LL0003,LL0003/PM0006 Wood decking Repairs,2026-11-01,2026-11-30,29 days,FY27,,,,,,,,,,,,CB MM LTP,missing join key (Function Location (Q))
,Onsite PM,Haul,Fortescue,MOC,DECEMBER,2026-12-01,2026-12-31,30 days,FY27,,,,,,,,,,,,CB MM LTP,missing join key (Function Location (Q))
789D,Onsite PM,Haul,Fortescue,DT192,789D Haul Trucks Electrical MSR G20 - July assumption rolled forward,2026-12-01,2026-12-31,30 days,FY27,,,,,,,,,,,,CB MM LTP,missing join key (Function Location (Q))
789D,Onsite PM,Haul,Fortescue,All - 789D,CAT 789 Air Boxes Replacement,2026-12-01,2026-12-31,30 days,FY27,,,,,,,,,,,,CB MM LTP,missing join key (Function Location (Q))
789D,Onsite PM,Haul,Fortescue,All - 789D,CAT 789 Bell Crank Replacement,2026-12-01,2026-12-31,30 days,FY27,,,,,,,,,,,,CB MM LTP,missing join key (Function Location (Q))
789D,Onsite PM,Haul,Fortescue,All - 789D,CAT 789 Chassis Harness Replacement,2026-12-01,2026-12-31,30 days,FY27,,,,,,,,,,,,CB MM LTP,missing join key (Function Location (Q))
789D,Onsite PM,Haul,Fortescue,All - 789D,CAT 789 Steering Arms,2026-12-01,2026-12-31,30 days,FY27,,,,,,,,,,,,CB MM LTP,missing join key (Function Location (Q))
All - Haul,Onsite PM,Haul,Fortescue,All - Haul,Lidar Replacements -BER Planning,2026-12-01,2026-12-31,30 days,FY27,,,,,,,,,,,,CB MM LTP,missing join key (Function Location (Q))
T264,Onsite PM,Haul,Fortescue,All - T264,Liebherr T264 Chassis Harnesses,2026-12-01,2026-12-31,30 days,FY27,,,,,,,,,,,,CB MM LTP,missing join key (Function Location (Q))
T264,Onsite PM,Haul,Fortescue,All - T264,T264 Warranty Provision - CB,2026-12-01,2026-12-31,30 days,FY27,,,,,,,,,,,,CB MM LTP,missing join key (Function Location (Q))
789D,Onsite PM,Haul,Fortescue,All - 789D,789D Exhaust System and Lagging,2026-12-01,2026-12-31,30 days,FY27,,,,,,,,,,,,CB MM LTP,missing join key (Function Location (Q))
789D,Onsite PM,Haul,Fortescue,All - 789D,CAT 789 Header Tank + Platforms,2026-12-01,2026-12-31,30 days,FY27,,,,,,,,,,,,CB MM LTP,missing join key (Function Location (Q))
789D,Onsite PM,Haul,Fortescue,All - 789D,CAT 789 Hydraulic Pipes,2026-12-01,2026-12-31,30 days,FY27,,,,,,,,,,,,CB MM LTP,missing join key (Function Location (Q))
T264,Onsite PM,Haul,Fortescue,All - T264,Liebherr T264 Access Ladders,2026-12-01,2026-12-31,30 days,FY27,,,,,,,,,,,,CB MM LTP,missing join key (Function Location (Q))
T264,Onsite PM,Haul,Fortescue,All - T264,Liebherr T264 Engine Injector Harnesses,2026-12-01,2026-12-31,30 days,FY27,,,,,,,,,,,,CB MM LTP,missing join key (Function Location (Q))
T264,Onsite PM,Haul,Fortescue,All - T264,Liebherr T264 Exhaust Components,2026-12-01,2026-12-31,30 days,FY27,,,,,,,,,,,,CB MM LTP,missing join key (Function Location (Q))
T264,Onsite PM,Haul,Fortescue,All - T264,Liebherr T264 Front Wheel Speed Sensor Harness,2026-12-01,2026-12-31,30 days,FY27,,,,,,,,,,,,CB MM LTP,missing join key (Function Location (Q))
789D,Onsite PM,Haul,Fortescue,All - 789D,Light Weight Tray Wear Packages,2026-12-01,2026-12-31,30 days,FY27,,,,,,,,,,,,CB MM LTP,missing join key (Function Location (Q))
,Onsite PM,Haul,Fortescue,MOC,JANUARY,2027-01-01,2027-01-31,30 days,FY27,,,,,,,,,,,,CB MM LTP,missing join key (Function Location (Q))
All - Haul,Onsite PM,Haul,Fortescue,All - Haul,A6 Auto ECM Replacement - BER Planning,2027-01-01,2027-01-31,30 days,FY27,,,,,,,,,,,,CB MM LTP,missing join key (Function Location (Q))
789D,Onsite PM,Haul,Fortescue,All - 789D,CAT 789 Air Boxes Replacement,2027-01-01,2027-01-31,30 days,FY27,,,,,,,,,,,,CB MM LTP,missing join key (Function Location (Q))
789D,Onsite PM,Haul,Fortescue,All - 789D,CAT 789 Chassis Harness Replacement,2027-01-01,2027-01-31,30 days,FY27,,,,,,,,,,,,CB MM LTP,missing join key (Function Location (Q))
All - Haul,Onsite PM,Haul,Fortescue,All - Haul,IMU Replacement - BER Planning,2027-01-01,2027-01-31,30 days,FY27,,,,,,,,,,,,CB MM LTP,missing join key (Function Location (Q))
All - Haul,Onsite PM,Haul,Fortescue,All - Haul,Lidar Replacements -BER Planning,2027-01-01,2027-01-31,30 days,FY27,,,,,,,,,,,,CB MM LTP,missing join key (Function Location (Q))
T264,Onsite PM,Haul,Fortescue,All - T264,Liebherr T264 Chassis Harnesses,2027-01-01,2027-01-31,30 days,FY27,,,,,,,,,,,,CB MM LTP,missing join key (Function Location (Q))
All - Haul,Onsite PM,Haul,Fortescue,All - Haul,PCS Replacement - BER Planning,2027-01-01,2027-01-31,30 days,FY27,,,,,,,,,,,,CB MM LTP,missing join key (Function Location (Q))
T264,Onsite PM,Haul,Fortescue,All - T264,T264 Warranty Provision - CB,2027-01-01,2027-01-31,30 days,FY27,,,,,,,,,,,,CB MM LTP,missing join key (Function Location (Q))
789D,Onsite PM,Haul,Fortescue,All - 789D,789D Exhaust System and Lagging,2027-01-01,2027-01-31,30 days,FY27,,,,,,,,,,,,CB MM LTP,missing join key (Function Location (Q))
789D,Onsite PM,Haul,Fortescue,All - 789D,CAT 789 Header Tank + Platforms,2027-01-01,2027-01-31,30 days,FY27,,,,,,,,,,,,CB MM LTP,missing join key (Function Location (Q))
789D,Onsite PM,Haul,Fortescue,All - 789D,CAT 789 Hydraulic Pipes,2027-01-01,2027-01-31,30 days,FY27,,,,,,,,,,,,CB MM LTP,missing join key (Function Location (Q))
789D,Onsite PM,Haul,Fortescue,All - 789D,CAT 789 RH Fender Replacement,2027-01-01,2027-01-31,30 days,FY27,,,,,,,,,,,,CB MM LTP,missing join key (Function Location (Q))
789D,Onsite PM,Haul,Fortescue,All - 789D,CMD 789D Data Loggers,2027-01-01,2027-01-31,30 days,FY27,,,,,,,,,,,,CB MM LTP,missing join key (Function Location (Q))
789D,Onsite PM,Haul,Fortescue,All - 789D,CMD 789D GPS Antennas,2027-01-01,2027-01-31,30 days,FY27,,,,,,,,,,,,CB MM LTP,missing join key (Function Location (Q))
789D,Onsite PM,Haul,Fortescue,All - 789D,CMD 789D Radar Box Replacement,2027-01-01,2027-01-31,30 days,FY27,,,,,,,,,,,,CB MM LTP,missing join key (Function Location (Q))
T264,Onsite PM,Haul,Fortescue,All - T264,Liebherr T264 Access Ladders,2027-01-01,2027-01-31,30 days,FY27,,,,,,,,,,,,CB MM LTP,missing join key (Function Location (Q))
T264,Onsite PM,Haul,Fortescue,All - T264,Liebherr T264 Engine Injector Harnesses,2027-01-01,2027-01-31,30 days,FY27,,,,,,,,,,,,CB MM LTP,missing join key (Function Location (Q))
T264,Onsite PM,Haul,Fortescue,All - T264,Liebherr T264 Exhaust Components,2027-01-01,2027-01-31,30 days,FY27,,,,,,,,,,,,CB MM LTP,missing join key (Function Location (Q))
T264,Onsite PM,Haul,Fortescue,All - T264,Liebherr T264 Front Wheel Speed Sensor Harness,2027-01-01,2027-01-31,30 days,FY27,,,,,,,,,,,,CB MM LTP,missing join key (Function Location (Q))
789D,Onsite PM,Haul,Fortescue,All - 789D,Light Weight Tray Wear Packages,2027-01-01,2027-01-31,30 days,FY27,,,,,,,,,,,,CB MM LTP,missing join key (Function Location (Q))
,Onsite PM,Haul,Fortescue,MOC,FEBRUARY,2027-02-01,2027-02-28,27 days,FY27,,,,,,,,,,,,CB MM LTP,missing join key (Function Location (Q))
All - Haul,Onsite PM,Haul,Fortescue,All - Haul,A6 Auto ECM Replacement - BER Planning,2027-02-01,2027-02-28,27 days,FY27,,,,,,,,,,,,CB MM LTP,missing join key (Function Location (Q))
789D,Onsite PM,Haul,Fortescue,All - 789D,CAT 789 A- Frame Replacement,2027-02-01,2027-02-28,27 days,FY27,,,,,,,,,,,,CB MM LTP,missing join key (Function Location (Q))
789D,Onsite PM,Haul,Fortescue,All - 789D,CAT 789 Air Boxes Replacement,2027-02-01,2027-02-28,27 days,FY27,,,,,,,,,,,,CB MM LTP,missing join key (Function Location (Q))
789D,Onsite PM,Haul,Fortescue,All - 789D,CAT 789 Bell Crank Replacement,2027-02-01,2027-02-28,27 days,FY27,,,,,,,,,,,,CB MM LTP,missing join key (Function Location (Q))
789D,Onsite PM,Haul,Fortescue,All - 789D,CAT 789 Chassis Harness Replacement,2027-02-01,2027-02-28,27 days,FY27,,,,,,,,,,,,CB MM LTP,missing join key (Function Location (Q))
789D,Onsite PM,Haul,Fortescue,All - 789D,CAT 789 Steering Arms,2027-02-01,2027-02-28,27 days,FY27,,,,,,,,,,,,CB MM LTP,missing join key (Function Location (Q))
All - Haul,Onsite PM,Haul,Fortescue,All - Haul,Lidar Replacements -BER Planning,2027-02-01,2027-02-28,27 days,FY27,,,,,,,,,,,,CB MM LTP,missing join key (Function Location (Q))
T264,Onsite PM,Haul,Fortescue,All - T264,Liebherr T264 Chassis Harnesses,2027-02-01,2027-02-28,27 days,FY27,,,,,,,,,,,,CB MM LTP,missing join key (Function Location (Q))
T264,Onsite PM,Haul,Fortescue,All - T264,Liebherr T264 Fuel Tanks,2027-02-01,2027-02-28,27 days,FY27,,,,,,,,,,,,CB MM LTP,missing join key (Function Location (Q))
T264,Onsite PM,Haul,Fortescue,All - T264,T264 Warranty Provision - CB,2027-02-01,2027-02-28,27 days,FY27,,,,,,,,,,,,CB MM LTP,missing join key (Function Location (Q))
789D,Onsite PM,Haul,Fortescue,All - 789D,789D Exhaust System and Lagging,2027-02-01,2027-02-28,27 days,FY27,,,,,,,,,,,,CB MM LTP,missing join key (Function Location (Q))
789D,Onsite PM,Haul,Fortescue,All - 789D,Cat 789 Access Ladder/ Platform/ Walkways Replacement,2027-02-01,2027-02-28,27 days,FY27,,,,,,,,,,,,CB MM LTP,missing join key (Function Location (Q))
789D,Onsite PM,Haul,Fortescue,All - 789D,CAT 789 Header Tank + Platforms,2027-02-01,2027-02-28,27 days,FY27,,,,,,,,,,,,CB MM LTP,missing join key (Function Location (Q))
789D,Onsite PM,Haul,Fortescue,All - 789D,CAT 789 Hydraulic Pipes,2027-02-01,2027-02-28,27 days,FY27,,,,,,,,,,,,CB MM LTP,missing join key (Function Location (Q))
789D,Onsite PM,Haul,Fortescue,All - 789D,CMD 789D Data Loggers,2027-02-01,2027-02-28,27 days,FY27,,,,,,,,,,,,CB MM LTP,missing join key (Function Location (Q))
789D,Onsite PM,Haul,Fortescue,All - 789D,CMD 789D GPS Antennas,2027-02-01,2027-02-28,27 days,FY27,,,,,,,,,,,,CB MM LTP,missing join key (Function Location (Q))
789D,Onsite PM,Haul,Fortescue,All - 789D,CMD 789D Radar Box Replacement,2027-02-01,2027-02-28,27 days,FY27,,,,,,,,,,,,CB MM LTP,missing join key (Function Location (Q))
T264,Onsite PM,Haul,Fortescue,All - T264,Liebherr T264 Access Ladders,2027-02-01,2027-02-28,27 days,FY27,,,,,,,,,,,,CB MM LTP,missing join key (Function Location (Q))
T264,Onsite PM,Haul,Fortescue,All - T264,Liebherr T264 Engine Injector Harnesses,2027-02-01,2027-02-28,27 days,FY27,,,,,,,,,,,,CB MM LTP,missing join key (Function Location (Q))
T264,Onsite PM,Haul,Fortescue,All - T264,Liebherr T264 Exhaust Components,2027-02-01,2027-02-28,27 days,FY27,,,,,,,,,,,,CB MM LTP,missing join key (Function Location (Q))
T264,Onsite PM,Haul,Fortescue,All - T264,Liebherr T264 Front Wheel Speed Sensor Harness,2027-02-01,2027-02-28,27 days,FY27,,,,,,,,,,,,CB MM LTP,missing join key (Function Location (Q))
,Onsite PM,Haul,Fortescue,MOC,MARCH,2027-03-01,2027-03-31,30 days,FY27,,,,,,,,,,,,CB MM LTP,missing join key (Function Location (Q))
T264,Onsite PM,Haul,Fortescue,All - T264,T264 Bolt On Valve Guards,2027-03-01,2027-03-31,30 days,FY27,,,,,,,,,,,,CB MM LTP,missing join key (Function Location (Q))
All - Haul,Onsite PM,Haul,Fortescue,All - Haul,A6 Auto ECM Replacement - BER Planning,2027-03-01,2027-03-31,30 days,FY27,,,,,,,,,,,,CB MM LTP,missing join key (Function Location (Q))
789D,Onsite PM,Haul,Fortescue,All - 789D,CAT 789 Air Boxes Replacement,2027-03-01,2027-03-31,30 days,FY27,,,,,,,,,,,,CB MM LTP,missing join key (Function Location (Q))
789D,Onsite PM,Haul,Fortescue,All - 789D,CAT 789 Bell Crank Replacement,2027-03-01,2027-03-31,30 days,FY27,,,,,,,,,,,,CB MM LTP,missing join key (Function Location (Q))
789D,Onsite PM,Haul,Fortescue,All - 789D,CAT 789 Chassis Harness Replacement,2027-03-01,2027-03-31,30 days,FY27,,,,,,,,,,,,CB MM LTP,missing join key (Function Location (Q))
789D,Onsite PM,Haul,Fortescue,All - 789D,CAT 789 Steering Arms,2027-03-01,2027-03-31,30 days,FY27,,,,,,,,,,,,CB MM LTP,missing join key (Function Location (Q))
789D,Onsite PM,Haul,Fortescue,All - 789D,CAT 789D Fuel Tanks replacement,2027-03-01,2027-03-31,30 days,FY27,,,,,,,,,,,,CB MM LTP,missing join key (Function Location (Q))
All - Haul,Onsite PM,Haul,Fortescue,All - Haul,IMU Replacement - BER Planning,2027-03-01,2027-03-31,30 days,FY27,,,,,,,,,,,,CB MM LTP,missing join key (Function Location (Q))
All - Haul,Onsite PM,Haul,Fortescue,All - Haul,Lidar Replacements -BER Planning,2027-03-01,2027-03-31,30 days,FY27,,,,,,,,,,,,CB MM LTP,missing join key (Function Location (Q))
T264,Onsite PM,Haul,Fortescue,All - T264,Liebherr T264 Chassis Harnesses,2027-03-01,2027-03-31,30 days,FY27,,,,,,,,,,,,CB MM LTP,missing join key (Function Location (Q))
All - Haul,Onsite PM,Haul,Fortescue,All - Haul,PCS Replacement - BER Planning,2027-03-01,2027-03-31,30 days,FY27,,,,,,,,,,,,CB MM LTP,missing join key (Function Location (Q))
T264,Onsite PM,Haul,Fortescue,All - T264,T264 Warranty Provision - CB,2027-03-01,2027-03-31,30 days,FY27,,,,,,,,,,,,CB MM LTP,missing join key (Function Location (Q))
789D,Onsite PM,Haul,Fortescue,All - 789D,789D Exhaust System and Lagging,2027-03-01,2027-03-31,30 days,FY27,,,,,,,,,,,,CB MM LTP,missing join key (Function Location (Q))
789D,Onsite PM,Haul,Fortescue,All - 789D,Cat 789 Access Ladder/ Platform/ Walkways Replacement,2027-03-01,2027-03-31,30 days,FY27,,,,,,,,,,,,CB MM LTP,missing join key (Function Location (Q))
789D,Onsite PM,Haul,Fortescue,All - 789D,CAT 789 Header Tank + Platforms,2027-03-01,2027-03-31,30 days,FY27,,,,,,,,,,,,CB MM LTP,missing join key (Function Location (Q))
789D,Onsite PM,Haul,Fortescue,All - 789D,CAT 789 Hydraulic Pipes,2027-03-01,2027-03-31,30 days,FY27,,,,,,,,,,,,CB MM LTP,missing join key (Function Location (Q))
789D,Onsite PM,Haul,Fortescue,All - 789D,CMD 789D Data Loggers,2027-03-01,2027-03-31,30 days,FY27,,,,,,,,,,,,CB MM LTP,missing join key (Function Location (Q))
789D,Onsite PM,Haul,Fortescue,All - 789D,CMD 789D GPS Antennas,2027-03-01,2027-03-31,30 days,FY27,,,,,,,,,,,,CB MM LTP,missing join key (Function Location (Q))
789D,Onsite PM,Haul,Fortescue,All - 789D,CMD 789D Radar Box Replacement,2027-03-01,2027-03-31,30 days,FY27,,,,,,,,,,,,CB MM LTP,missing join key (Function Location (Q))
T264,Onsite PM,Haul,Fortescue,All - T264,Liebherr T264 Access Ladders,2027-03-01,2027-03-31,30 days,FY27,,,,,,,,,,,,CB MM LTP,missing join key (Function Location (Q))
T264,Onsite PM,Haul,Fortescue,All - T264,Liebherr T264 Engine Injector Harnesses,2027-03-01,2027-03-31,30 days,FY27,,,,,,,,,,,,CB MM LTP,missing join key (Function Location (Q))
T264,Onsite PM,Haul,Fortescue,All - T264,Liebherr T264 Exhaust Components,2027-03-01,2027-03-31,30 days,FY27,,,,,,,,,,,,CB MM LTP,missing join key (Function Location (Q))
T264,Onsite PM,Haul,Fortescue,All - T264,Liebherr T264 Front Wheel Speed Sensor Harness,2027-03-01,2027-03-31,30 days,FY27,,,,,,,,,,,,CB MM LTP,missing join key (Function Location (Q))
789D,Onsite PM,Haul,Fortescue,All - 789D,Light Weight Tray Wear Packages,2027-03-01,2027-03-31,30 days,FY27,,,,,,,,,,,,CB MM LTP,missing join key (Function Location (Q))
,Onsite PM,Haul,Fortescue,MOC,APRIL,2027-04-01,2027-04-30,29 days,FY27,,,,,,,,,,,,CB MM LTP,missing join key (Function Location (Q))
All - Haul,Onsite PM,Haul,Fortescue,All - Haul,A6 Auto ECM Replacement - BER Planning,2027-04-01,2027-04-30,29 days,FY27,,,,,,,,,,,,CB MM LTP,missing join key (Function Location (Q))
789D,Onsite PM,Haul,Fortescue,All - 789D,CAT 789 Air Boxes Replacement,2027-04-01,2027-04-30,29 days,FY27,,,,,,,,,,,,CB MM LTP,missing join key (Function Location (Q))
789D,Onsite PM,Haul,Fortescue,All - 789D,CAT 789 Axle Housing Replacement,2027-04-01,2027-04-30,29 days,FY27,,,,,,,,,,,,CB MM LTP,missing join key (Function Location (Q))
789D,Onsite PM,Haul,Fortescue,All - 789D,CAT 789 Chassis Harness Replacement,2027-04-01,2027-04-30,29 days,FY27,,,,,,,,,,,,CB MM LTP,missing join key (Function Location (Q))
All - Haul,Onsite PM,Haul,Fortescue,All - Haul,Lidar Replacements -BER Planning,2027-04-01,2027-04-30,29 days,FY27,,,,,,,,,,,,CB MM LTP,missing join key (Function Location (Q))
T264,Onsite PM,Haul,Fortescue,All - T264,Liebherr T264 Chassis Harnesses,2027-04-01,2027-04-30,29 days,FY27,,,,,,,,,,,,CB MM LTP,missing join key (Function Location (Q))
T264,Onsite PM,Haul,Fortescue,All - T264,T264 Warranty Provision - CB,2027-04-01,2027-04-30,29 days,FY27,,,,,,,,,,,,CB MM LTP,missing join key (Function Location (Q))
789D,Onsite PM,Haul,Fortescue,All - 789D,789D Exhaust System and Lagging,2027-04-01,2027-04-30,29 days,FY27,,,,,,,,,,,,CB MM LTP,missing join key (Function Location (Q))
789D,Onsite PM,Haul,Fortescue,All - 789D,CAT 789 Header Tank + Platforms,2027-04-01,2027-04-30,29 days,FY27,,,,,,,,,,,,CB MM LTP,missing join key (Function Location (Q))
789D,Onsite PM,Haul,Fortescue,All - 789D,CAT 789 Hydraulic Pipes,2027-04-01,2027-04-30,29 days,FY27,,,,,,,,,,,,CB MM LTP,missing join key (Function Location (Q))
789D,Onsite PM,Haul,Fortescue,All - 789D,CAT 789 RH Fender Replacement,2027-04-01,2027-04-30,29 days,FY27,,,,,,,,,,,,CB MM LTP,missing join key (Function Location (Q))
789D,Onsite PM,Haul,Fortescue,All - 789D,CMD 789D Data Loggers,2027-04-01,2027-04-30,29 days,FY27,,,,,,,,,,,,CB MM LTP,missing join key (Function Location (Q))
789D,Onsite PM,Haul,Fortescue,All - 789D,CMD 789D GPS Antennas,2027-04-01,2027-04-30,29 days,FY27,,,,,,,,,,,,CB MM LTP,missing join key (Function Location (Q))
789D,Onsite PM,Haul,Fortescue,All - 789D,CMD 789D Radar Box Replacement,2027-04-01,2027-04-30,29 days,FY27,,,,,,,,,,,,CB MM LTP,missing join key (Function Location (Q))
T264,Onsite PM,Haul,Fortescue,All - T264,Liebherr T264 Access Ladders,2027-04-01,2027-04-30,29 days,FY27,,,,,,,,,,,,CB MM LTP,missing join key (Function Location (Q))
T264,Onsite PM,Haul,Fortescue,All - T264,Liebherr T264 Engine Injector Harnesses,2027-04-01,2027-04-30,29 days,FY27,,,,,,,,,,,,CB MM LTP,missing join key (Function Location (Q))
T264,Onsite PM,Haul,Fortescue,All - T264,Liebherr T264 Exhaust Components,2027-04-01,2027-04-30,29 days,FY27,,,,,,,,,,,,CB MM LTP,missing join key (Function Location (Q))
T264,Onsite PM,Haul,Fortescue,All - T264,Liebherr T264 Front Wheel Speed Sensor Harness,2027-04-01,2027-04-30,29 days,FY27,,,,,,,,,,,,CB MM LTP,missing join key (Function Location (Q))
789D,Onsite PM,Haul,Fortescue,All - 789D,Light Weight Tray Wear Packages,2027-04-01,2027-04-30,29 days,FY27,,,,,,,,,,,,CB MM LTP,missing join key (Function Location (Q))
,Onsite PM,Haul,Fortescue,MOC,MAY,2027-05-01,2027-05-31,30 days,FY27,,,,,,,,,,,,CB MM LTP,missing join key (Function Location (Q))
All - Haul,Onsite PM,Haul,Fortescue,All - Haul,A6 Auto ECM Replacement - BER Planning,2027-05-01,2027-05-31,30 days,FY27,,,,,,,,,,,,CB MM LTP,missing join key (Function Location (Q))
789D,Onsite PM,Haul,Fortescue,All - 789D,CAT 789 A- Frame Replacement,2027-05-01,2027-05-31,30 days,FY27,,,,,,,,,,,,CB MM LTP,missing join key (Function Location (Q))
789D,Onsite PM,Haul,Fortescue,All - 789D,CAT 789 Air Boxes Replacement,2027-05-01,2027-05-31,30 days,FY27,,,,,,,,,,,,CB MM LTP,missing join key (Function Location (Q))
789D,Onsite PM,Haul,Fortescue,All - 789D,CAT 789 Bell Crank Replacement,2027-05-01,2027-05-31,30 days,FY27,,,,,,,,,,,,CB MM LTP,missing join key (Function Location (Q))
789D,Onsite PM,Haul,Fortescue,All - 789D,CAT 789 Chassis Harness Replacement,2027-05-01,2027-05-31,30 days,FY27,,,,,,,,,,,,CB MM LTP,missing join key (Function Location (Q))
789D,Onsite PM,Haul,Fortescue,All - 789D,CAT 789 Steering Arms,2027-05-01,2027-05-31,30 days,FY27,,,,,,,,,,,,CB MM LTP,missing join key (Function Location (Q))
All - Haul,Onsite PM,Haul,Fortescue,All - Haul,IMU Replacement - BER Planning,2027-05-01,2027-05-31,30 days,FY27,,,,,,,,,,,,CB MM LTP,missing join key (Function Location (Q))
All - Haul,Onsite PM,Haul,Fortescue,All - Haul,Lidar Replacements -BER Planning,2027-05-01,2027-05-31,30 days,FY27,,,,,,,,,,,,CB MM LTP,missing join key (Function Location (Q))
T264,Onsite PM,Haul,Fortescue,All - T264,Liebherr T264 Chassis Harnesses,2027-05-01,2027-05-31,30 days,FY27,,,,,,,,,,,,CB MM LTP,missing join key (Function Location (Q))
T264,Onsite PM,Haul,Fortescue,All - T264,Liebherr T264 Fuel Tanks,2027-05-01,2027-05-31,30 days,FY27,,,,,,,,,,,,CB MM LTP,missing join key (Function Location (Q))
All - Haul,Onsite PM,Haul,Fortescue,All - Haul,PCS Replacement - BER Planning,2027-05-01,2027-05-31,30 days,FY27,,,,,,,,,,,,CB MM LTP,missing join key (Function Location (Q))
T264,Onsite PM,Haul,Fortescue,All - T264,T264 Warranty Provision - CB,2027-05-01,2027-05-31,30 days,FY27,,,,,,,,,,,,CB MM LTP,missing join key (Function Location (Q))
789D,Onsite PM,Haul,Fortescue,All - 789D,789D Exhaust System and Lagging,2027-05-01,2027-05-31,30 days,FY27,,,,,,,,,,,,CB MM LTP,missing join key (Function Location (Q))
789D,Onsite PM,Haul,Fortescue,All - 789D,Cat 789 Access Ladder/ Platform/ Walkways Replacement,2027-05-01,2027-05-31,30 days,FY27,,,,,,,,,,,,CB MM LTP,missing join key (Function Location (Q))
789D,Onsite PM,Haul,Fortescue,All - 789D,CAT 789 Header Tank + Platforms,2027-05-01,2027-05-31,30 days,FY27,,,,,,,,,,,,CB MM LTP,missing join key (Function Location (Q))
789D,Onsite PM,Haul,Fortescue,All - 789D,CAT 789 Hydraulic Pipes,2027-05-01,2027-05-31,30 days,FY27,,,,,,,,,,,,CB MM LTP,missing join key (Function Location (Q))
789D,Onsite PM,Haul,Fortescue,All - 789D,CAT 789 Intake Piping,2027-05-01,2027-05-31,30 days,FY27,,,,,,,,,,,,CB MM LTP,missing join key (Function Location (Q))
789D,Onsite PM,Haul,Fortescue,All - 789D,CMD 789D Data Loggers,2027-05-01,2027-05-31,30 days,FY27,,,,,,,,,,,,CB MM LTP,missing join key (Function Location (Q))
789D,Onsite PM,Haul,Fortescue,All - 789D,CMD 789D GPS Antennas,2027-05-01,2027-05-31,30 days,FY27,,,,,,,,,,,,CB MM LTP,missing join key (Function Location (Q))
789D,Onsite PM,Haul,Fortescue,All - 789D,CMD 789D Radar Box Replacement,2027-05-01,2027-05-31,30 days,FY27,,,,,,,,,,,,CB MM LTP,missing join key (Function Location (Q))
T264,Onsite PM,Haul,Fortescue,All - T264,Liebherr T264 Access Ladders,2027-05-01,2027-05-31,30 days,FY27,,,,,,,,,,,,CB MM LTP,missing join key (Function Location (Q))
T264,Onsite PM,Haul,Fortescue,All - T264,Liebherr T264 Engine Injector Harnesses,2027-05-01,2027-05-31,30 days,FY27,,,,,,,,,,,,CB MM LTP,missing join key (Function Location (Q))
T264,Onsite PM,Haul,Fortescue,All - T264,Liebherr T264 Exhaust Components,2027-05-01,2027-05-31,30 days,FY27,,,,,,,,,,,,CB MM LTP,missing join key (Function Location (Q))
T264,Onsite PM,Haul,Fortescue,All - T264,Liebherr T264 Front Wheel Speed Sensor Harness,2027-05-01,2027-05-31,30 days,FY27,,,,,,,,,,,,CB MM LTP,missing join key (Function Location (Q))
,Onsite PM,Haul,Fortescue,MOC,JUNE,2027-06-01,2027-06-30,29 days,FY27,,,,,,,,,,,,CB MM LTP,missing join key (Function Location (Q))
All - Haul,Onsite PM,Haul,Fortescue,All - Haul,A6 Auto ECM Replacement - BER Planning,2027-06-01,2027-06-30,29 days,FY27,,,,,,,,,,,,CB MM LTP,missing join key (Function Location (Q))
789D,Onsite PM,Haul,Fortescue,All - 789D,CAT 789 Air Boxes Replacement,2027-06-01,2027-06-30,29 days,FY27,,,,,,,,,,,,CB MM LTP,missing join key (Function Location (Q))
789D,Onsite PM,Haul,Fortescue,All - 789D,CAT 789 Bell Crank Replacement,2027-06-01,2027-06-30,29 days,FY27,,,,,,,,,,,,CB MM LTP,missing join key (Function Location (Q))
789D,Onsite PM,Haul,Fortescue,All - 789D,CAT 789 Chassis Harness Replacement,2027-06-01,2027-06-30,29 days,FY27,,,,,,,,,,,,CB MM LTP,missing join key (Function Location (Q))
789D,Onsite PM,Haul,Fortescue,All - 789D,CAT 789 Steering Arms,2027-06-01,2027-06-30,29 days,FY27,,,,,,,,,,,,CB MM LTP,missing join key (Function Location (Q))
789D,Onsite PM,Haul,Fortescue,All - 789D,CAT 789D Fuel Tanks replacement,2027-06-01,2027-06-30,29 days,FY27,,,,,,,,,,,,CB MM LTP,missing join key (Function Location (Q))
All - Haul,Onsite PM,Haul,Fortescue,All - Haul,Lidar Replacements -BER Planning,2027-06-01,2027-06-30,29 days,FY27,,,,,,,,,,,,CB MM LTP,missing join key (Function Location (Q))
T264,Onsite PM,Haul,Fortescue,All - T264,Liebherr T264 Chassis Harnesses,2027-06-01,2027-06-30,29 days,FY27,,,,,,,,,,,,CB MM LTP,missing join key (Function Location (Q))
T264,Onsite PM,Haul,Fortescue,All - T264,T264 Warranty Provision - CB,2027-06-01,2027-06-30,29 days,FY27,,,,,,,,,,,,CB MM LTP,missing join key (Function Location (Q))
789D,Onsite PM,Haul,Fortescue,All - 789D,789D Exhaust System and Lagging,2027-06-01,2027-06-30,29 days,FY27,,,,,,,,,,,,CB MM LTP,missing join key (Function Location (Q))
789D,Onsite PM,Haul,Fortescue,All - 789D,Cat 789 Access Ladder/ Platform/ Walkways Replacement,2027-06-01,2027-06-30,29 days,FY27,,,,,,,,,,,,CB MM LTP,missing join key (Function Location (Q))
789D,Onsite PM,Haul,Fortescue,All - 789D,CAT 789 Header Tank + Platforms,2027-06-01,2027-06-30,29 days,FY27,,,,,,,,,,,,CB MM LTP,missing join key (Function Location (Q))
789D,Onsite PM,Haul,Fortescue,All - 789D,CAT 789 Hydraulic Pipes,2027-06-01,2027-06-30,29 days,FY27,,,,,,,,,,,,CB MM LTP,missing join key (Function Location (Q))
789D,Onsite PM,Haul,Fortescue,All - 789D,CMD 789D Data Loggers,2027-06-01,2027-06-30,29 days,FY27,,,,,,,,,,,,CB MM LTP,missing join key (Function Location (Q))
789D,Onsite PM,Haul,Fortescue,All - 789D,CMD 789D GPS Antennas,2027-06-01,2027-06-30,29 days,FY27,,,,,,,,,,,,CB MM LTP,missing join key (Function Location (Q))
789D,Onsite PM,Haul,Fortescue,All - 789D,CMD 789D Radar Box Replacement,2027-06-01,2027-06-30,29 days,FY27,,,,,,,,,,,,CB MM LTP,missing join key (Function Location (Q))
T264,Onsite PM,Haul,Fortescue,All - T264,Liebherr T264 Access Ladders,2027-06-01,2027-06-30,29 days,FY27,,,,,,,,,,,,CB MM LTP,missing join key (Function Location (Q))
T264,Onsite PM,Haul,Fortescue,All - T264,Liebherr T264 Engine Injector Harnesses,2027-06-01,2027-06-30,29 days,FY27,,,,,,,,,,,,CB MM LTP,missing join key (Function Location (Q))
T264,Onsite PM,Haul,Fortescue,All - T264,Liebherr T264 Exhaust Components,2027-06-01,2027-06-30,29 days,FY27,,,,,,,,,,,,CB MM LTP,missing join key (Function Location (Q))
T264,Onsite PM,Haul,Fortescue,All - T264,Liebherr T264 Front Wheel Speed Sensor Harness,2027-06-01,2027-06-30,29 days,FY27,,,,,,,,,,,,CB MM LTP,missing join key (Function Location (Q))
789D,Onsite PM,Haul,Fortescue,All - 789D,Light Weight Tray Wear Packages,2027-06-01,2027-06-30,29 days,FY27,,,,,,,,,,,,CB MM LTP,missing join key (Function Location (Q))
,Onsite PM,Haul,Fortescue,,FY28 - HAUL - COMPONENTS DURING PM,2027-07-01,,,FY28,,,,,,,,,,,,CB MM LTP,missing join key (Function Location (Q))
,Onsite PM,Haul,Fortescue,MOC,MAJOR ON CONDITION,2027-07-01,2028-06-30,365 days,FY28,,,,,,,,,,,,CB MM LTP,missing join key (Function Location (Q))
,Onsite PM,Haul,Fortescue,MOC,JULY,2027-07-01,2027-07-31,30 days,FY28,,,,,,,,,,,,CB MM LTP,missing join key (Function Location (Q))
,Onsite PM,Haul,Fortescue,MOC,AUGUST,2027-08-01,2027-08-31,30 days,FY28,,,,,,,,,,,,CB MM LTP,missing join key (Function Location (Q))
,Onsite PM,Haul,Fortescue,MOC,SEPTEMBER,2027-09-01,2027-09-30,29 days,FY28,,,,,,,,,,,,CB MM LTP,missing join key (Function Location (Q))
,Onsite PM,Haul,Fortescue,MOC,OCTOBER,2027-10-01,2027-10-31,30 days,FY28,,,,,,,,,,,,CB MM LTP,missing join key (Function Location (Q))
,Onsite PM,Haul,Fortescue,MOC,NOVEMBER,2027-11-01,2027-11-30,29 days,FY28,,,,,,,,,,,,CB MM LTP,missing join key (Function Location (Q))
,Onsite PM,Haul,Fortescue,MOC,DECEMBER,2027-12-01,2027-12-31,30 days,FY28,,,,,,,,,,,,CB MM LTP,missing join key (Function Location (Q))
,Onsite PM,Haul,Fortescue,MOC,JANUARY,2028-01-01,2028-01-31,30 days,FY28,,,,,,,,,,,,CB MM LTP,missing join key (Function Location (Q))
,Onsite PM,Haul,Fortescue,MOC,FEBRUARY,2028-02-01,2028-02-28,27 days,FY28,,,,,,,,,,,,CB MM LTP,missing join key (Function Location (Q))
,Onsite PM,Haul,Fortescue,MOC,MARCH,2028-03-01,2028-03-31,30 days,FY28,,,,,,,,,,,,CB MM LTP,missing join key (Function Location (Q))
,Onsite PM,Haul,Fortescue,MOC,APRIL,2028-04-01,2028-04-30,29 days,FY28,,,,,,,,,,,,CB MM LTP,missing join key (Function Location (Q))
,Onsite PM,Haul,Fortescue,MOC,MAY,2028-05-01,2028-05-31,30 days,FY28,,,,,,,,,,,,CB MM LTP,missing join key (Function Location (Q))
,Onsite PM,Haul,Fortescue,MOC,JUNE,2028-06-01,2028-06-30,29 days,FY28,,,,,,,,,,,,CB MM LTP,missing join key (Function Location (Q))
,Onsite PM,Haul,Fortescue,,FY29 - HAUL - COMPONENTS DURING PM,2028-07-01,,,FY29,,,,,,,,,,,,CB MM LTP,missing join key (Function Location (Q))
,Onsite PM,Haul,Fortescue,MOC,MAJOR ON CONDITION,2028-07-01,2029-06-30,364 days,FY29,,,,,,,,,,,,CB MM LTP,missing join key (Function Location (Q))
,Onsite PM,Haul,Fortescue,MOC,AUGUST,2028-08-01,2028-08-31,30 days,FY29,,,,,,,,,,,,CB MM LTP,missing join key (Function Location (Q))
,Onsite PM,Haul,Fortescue,MOC,SEPTEMBER,2028-09-01,2028-09-30,29 days,FY29,,,,,,,,,,,,CB MM LTP,missing join key (Function Location (Q))
,Onsite PM,Haul,Fortescue,MOC,OCTOBER,2028-10-01,2028-10-31,30 days,FY29,,,,,,,,,,,,CB MM LTP,missing join key (Function Location (Q))
,Onsite PM,Haul,Fortescue,MOC,NOVEMBER,2028-11-01,2028-11-30,29 days,FY29,,,,,,,,,,,,CB MM LTP,missing join key (Function Location (Q))
,Onsite PM,Haul,Fortescue,MOC,DECEMBER,2028-12-01,2028-12-31,30 days,FY29,,,,,,,,,,,,CB MM LTP,missing join key (Function Location (Q))
,Onsite PM,Haul,Fortescue,MOC,JANUARY,2029-01-01,2029-01-31,30 days,FY29,,,,,,,,,,,,CB MM LTP,missing join key (Function Location (Q))
,Onsite PM,Haul,Fortescue,MOC,FEBRUARY,2029-02-01,2029-02-28,27 days,FY29,,,,,,,,,,,,CB MM LTP,missing join key (Function Location (Q))
,Onsite PM,Haul,Fortescue,MOC,MARCH,2029-03-01,2029-03-31,30 days,FY29,,,,,,,,,,,,CB MM LTP,missing join key (Function Location (Q))
,Onsite PM,Haul,Fortescue,MOC,APRIL,2029-04-01,2029-04-30,29 days,FY29,,,,,,,,,,,,CB MM LTP,missing join key (Function Location (Q))
,Onsite PM,Haul,Fortescue,MOC,MAY,2029-05-01,2029-05-31,30 days,FY29,,,,,,,,,,,,CB MM LTP,missing join key (Function Location (Q))
,Onsite PM,Haul,Fortescue,MOC,JUNE,2029-06-01,2029-06-30,29 days,FY29,,,,,,,,,,,,CB MM LTP,missing join key (Function Location (Q))
